,rs_toprankingorder,rs_albumname,rs_artist,rs_year,sp_albumid,albums_sp_albumid
0,1,Sgt Peppers Lonely Hearts Club Band,The Beatles,1967-01-01,6QaVfG1pHYl1z15ZxkvVDW,6QaVfG1pHYl1z15ZxkvVDW
1,2,Pet Sounds,The Beach Boys,1966-01-01,6GphKx2QAPRoVGWE9D7ou8,6GphKx2QAPRoVGWE9D7ou8
2,3,Revolver,The Beatles,1966-01-01,3PRoXYsngSwjEQWR5PsHWR,3PRoXYsngSwjEQWR5PsHWR
3,4,Highway 61 Revisited,Bob Dylan,1965-01-01,6YabPKtZAjxwyWbuO9p4ZD,6YabPKtZAjxwyWbuO9p4ZD
4,5,Rubber Soul,The Beatles,1965-01-01,50o7kf2wLwVmOTVYJOTplm,50o7kf2wLwVmOTVYJOTplm
5,6,Whats Going On,Marvin Gaye,1971-01-01,7qD9oSiS3xFJsw2oSV2akp,7qD9oSiS3xFJsw2oSV2akp
6,7,Exile on Main St,The Rolling Stones,1972-01-01,5U4dnRZsfW8NmwBBkELFPh,5U4dnRZsfW8NmwBBkELFPh
7,8,London Calling,The Clash,1979-01-01,6FCzvataOZh68j8OKzOt9a,6FCzvataOZh68j8OKzOt9a
8,9,Blonde on Blonde,Bob Dylan,1966-01-01,4NP1rhnsPdYpnyJP0p0k0L,4NP1rhnsPdYpnyJP0p0k0L
9,10,The Beatles The White Album,The Beatles,1968-01-01,6126O4XLYAfzU3961ziahP,6126O4XLYAfzU3961ziahP
11,12,Kind of Blue,Miles Davis,1959-01-01,4sb0eMpDn3upAFfyi4q2rw,4sb0eMpDn3upAFfyi4q2rw
12,13,The Velvet Underground  Nico,The Velvet Underground,1967-01-01,4xwx0x7k6c5VuThz5qVqmV,4xwx0x7k6c5VuThz5qVqmV
13,14,Abbey Road,The Beatles,1969-01-01,0ETFjACtuP2ADo6LFhL6HN,0ETFjACtuP2ADo6LFhL6HN
15,16,Blood on the Tracks,Bob Dylan,1975-01-01,4WD4pslu83FF6oMa1e19mF,4WD4pslu83FF6oMa1e19mF
16,17,Nevermind,Nirvana,1991-01-01,2guirTSEqLizK7j9i1MTTZ,2guirTSEqLizK7j9i1MTTZ
17,18,Born to Run,Bruce Springsteen,1975-01-01,43YIoHKSrEw2GJsWmhZIpu,43YIoHKSrEw2GJsWmhZIpu
18,19,Astral Weeks,Van Morrison,1968-01-01,4pG3bKkbmReDt5QTDn3JDz,4pG3bKkbmReDt5QTDn3JDz
19,20,Thriller,Michael Jackson,1982-01-01,1C2h7mLntPSeVYciMRTF4a,1C2h7mLntPSeVYciMRTF4a
20,21,The Great Twenty_Eight,Chuck Berry,1982-01-01,4hQtcgvaybCqBsTrfiL1jC,4hQtcgvaybCqBsTrfiL1jC
21,22,The Complete Recordings,Robert Johnson,1990-01-01,6QwHn86Rw53qli3Y6b41Rd,6QwHn86Rw53qli3Y6b41Rd
23,24,Innervisions,Stevie Wonder,1973-01-01,5jgI8Eminx9MmLBontDWq8,5jgI8Eminx9MmLBontDWq8
24,25,Live at the Apollo 1962,James Brown,1963-01-01,0B6BbyElOe4bwziJrunOTe,0B6BbyElOe4bwziJrunOTe
25,26,Rumours,Fleetwood Mac,1977-01-01,0BwWUstDMUbgq2NYONRqlu,0BwWUstDMUbgq2NYONRqlu
26,27,The Joshua Tree,U2,1987-01-01,5y6wlw1LnqFnQFruMeiwGU,5y6wlw1LnqFnQFruMeiwGU
27,28,Whos Next,The Who,1971-01-01,4uehIELOvaBf8ZbhQGrhkd,4uehIELOvaBf8ZbhQGrhkd
28,29,Led Zeppelin,Led Zeppelin,1969-01-01,44Ig8dzqOkvkGDzaUof9lK,44Ig8dzqOkvkGDzaUof9lK
30,31,Bringing It All Back Home,Bob Dylan,1965-01-01,1lPoRKSgZHQAYXxzBsOQ7v,1lPoRKSgZHQAYXxzBsOQ7v
31,32,Let It Bleed,The Rolling Stones,1969-01-01,4l4u9e9jSbotSXNjYfOugy,4l4u9e9jSbotSXNjYfOugy
32,33,Ramones,Ramones,1976-01-01,5uYDAwW0SZgcfOFkxrST64,5uYDAwW0SZgcfOFkxrST64
33,34,Music From Big Pink,The Band,1968-01-01,0ky5kdvfPxSmSpj03hpSAE,0ky5kdvfPxSmSpj03hpSAE
34,35,The Rise and Fall of Ziggy Stardust and the Spiders From Mars,David Bowie,1972-01-01,48D1hRORqJq52qsnUYZX56,48D1hRORqJq52qsnUYZX56
35,36,Tapestry,Carole King,1971-01-01,12n11cgnpjXKLeqrnIERoS,12n11cgnpjXKLeqrnIERoS
36,37,Hotel California,Eagles,1976-01-01,2widuo17g5CEC66IbzveRu,2widuo17g5CEC66IbzveRu
38,39,Please Please Me,The Beatles,1963-01-01,3KzAvEXcqJKBF97HrXwlgf,3KzAvEXcqJKBF97HrXwlgf
39,40,Forever Changes,Love,1967-01-01,2amHBpP8C0EUy6yBNy6nN6,2amHBpP8C0EUy6yBNy6nN6
40,41,Never Mind the Bollocks Heres the Sex Pistols,Sex Pistols,1977-01-01,5fxYu3rqjCNTSPKN8mtEl2,5fxYu3rqjCNTSPKN8mtEl2
41,42,The Doors,The Doors,1967-01-01,1jWmEhn3ggaL6isoyLfwBn,1jWmEhn3ggaL6isoyLfwBn
42,43,The Dark Side of the Moon,Pink Floyd,1973-01-01,4LH4d3cOWNNsVw41Gqt2kv,4LH4d3cOWNNsVw41Gqt2kv
43,44,Horses,Patti Smith,1975-01-01,7xg7u99lilTCPbaRfnYuy6,7xg7u99lilTCPbaRfnYuy6
44,45,The Band The Brown Album,The Band,1969-01-01,5oO05Fs4JZ55rclkC8eqcy,5oO05Fs4JZ55rclkC8eqcy
45,46,Legend The Best of Bob Marley and The Wailers,Bob Marley  The Wailers,1984-01-01,4jKeipwuUTjlx9USNYdhZn,4jKeipwuUTjlx9USNYdhZn
46,47,A Love Supreme,John Coltrane,1965-01-01,7Eoz7hJvaX1eFkbpQxC5PA,7Eoz7hJvaX1eFkbpQxC5PA
47,48,It Takes a Nation of Millions to Hold Us Back,Public Enemy,1988-01-01,3PxXiYU3PjymOEE22PewGZ,3PxXiYU3PjymOEE22PewGZ
50,51,Bridge Over Troubled Water,Simon  Garfunkel,1970-01-01,0JwHz5SSvpYWuuCNbtYZoV,0JwHz5SSvpYWuuCNbtYZoV
51,52,Greatest Hits,Al Green,1975-01-01,6W0V8B0fJItvOwC8v114rZ,6W0V8B0fJItvOwC8v114rZ
52,52,Greatest Hits,Al Green,1975-01-01,0UM9SydcBtsklCTFgGLvcT,0UM9SydcBtsklCTFgGLvcT
53,52,Greatest Hits,Al Green,1975-01-01,6TkVuaQnDOO1cmaxT1Uf9o,6TkVuaQnDOO1cmaxT1Uf9o
55,54,The Birth of Soul,Ray Charles,1991-01-01,3RPMCDSd1yj37hlqbizmeT,3RPMCDSd1yj37hlqbizmeT
57,56,Elvis Presley,Elvis Presley,1956-01-01,3X3rFfVKCW58sKMO0UXkwO,3X3rFfVKCW58sKMO0UXkwO
58,57,Songs in the Key of Life,Stevie Wonder,1976-01-01,6YUCc2RiXcEKS9ibuZxjt0,6YUCc2RiXcEKS9ibuZxjt0
59,58,Beggars Banquet,The Rolling Stones,1968-01-01,6OHri5qNxwCdVSdyCslspd,6OHri5qNxwCdVSdyCslspd
62,61,Greatest Hits,Sly  The Family Stone,1970-01-01,6W0V8B0fJItvOwC8v114rZ,6W0V8B0fJItvOwC8v114rZ
63,61,Greatest Hits,Sly  The Family Stone,1970-01-01,0UM9SydcBtsklCTFgGLvcT,0UM9SydcBtsklCTFgGLvcT
64,61,Greatest Hits,Sly  The Family Stone,1970-01-01,6TkVuaQnDOO1cmaxT1Uf9o,6TkVuaQnDOO1cmaxT1Uf9o
65,62,Appetite for Destruction,Guns N Roses,1987-01-01,28yHV3Gdg30AiB8h8em1eW,28yHV3Gdg30AiB8h8em1eW
66,63,Achtung Baby,U2,1991-01-01,0ta5VdkJcpdVnNrn7g4cZe,0ta5VdkJcpdVnNrn7g4cZe
67,64,Sticky Fingers,The Rolling Stones,1971-01-01,29m6DinzdaD0OPqWKGyMdz,29m6DinzdaD0OPqWKGyMdz
69,66,Moondance,Van Morrison,1970-01-01,5PfnCqRbdfIDMb1x3MPQam,5PfnCqRbdfIDMb1x3MPQam
70,67,Kid A,Radiohead,2000-01-01,6GjwtEZcfenmOf6l18N7T7,6GjwtEZcfenmOf6l18N7T7
71,68,Off the Wall,Michael Jackson,1979-01-01,2ZytN2cY4Zjrr9ukb2rqTP,2ZytN2cY4Zjrr9ukb2rqTP
72,69,Led Zeppelin IV,Led Zeppelin,1971-01-01,44Ig8dzqOkvkGDzaUof9lK,44Ig8dzqOkvkGDzaUof9lK
73,70,The Stranger,Billy Joel,1977-01-01,1Mhn9VosyjtWn4dMPFlna6,1Mhn9VosyjtWn4dMPFlna6
74,71,Graceland,Paul Simon,1986-01-01,6WgGWYw6XXQyLTsWt7tXky,6WgGWYw6XXQyLTsWt7tXky
75,72,Superfly,Curtis Mayfield,1972-01-01,5QuvlU7nCUZZJauMvhlWR4,5QuvlU7nCUZZJauMvhlWR4
76,73,Physical Graffiti,Led Zeppelin,1975-01-01,26tH0kjUhkxBEd3ipGkx3Y,26tH0kjUhkxBEd3ipGkx3Y
78,75,Star Time,James Brown,1991-01-01,2yuTyv0L51qvYuI5RIktlA,2yuTyv0L51qvYuI5RIktlA
80,77,Back in Black,ACDC,1980-01-01,6mUdeDZCsExyJLMdAfDuwh,6mUdeDZCsExyJLMdAfDuwh
81,78,Otis Blue Otis Redding Sings Soul,Otis Redding,1965-01-01,68BCjMsHX4Gf11BJSkjwGz,68BCjMsHX4Gf11BJSkjwGz
82,79,Led Zeppelin II,Led Zeppelin,1969-01-01,6P5QHz4XtxOmS5EuiGIPut,6P5QHz4XtxOmS5EuiGIPut
83,80,Imagine,John Lennon,1971-01-01,0xzaemKucrJpYhyl7TltAk,0xzaemKucrJpYhyl7TltAk
84,81,The Clash,The Clash,1977-01-01,49kzgMsxHU5CTeb2XmFHjo,49kzgMsxHU5CTeb2XmFHjo
87,84,I Never Loved a Man the Way I Love You,Aretha Franklin,1967-01-01,5WndWfzGwCkHzAbQXVkg2V,5WndWfzGwCkHzAbQXVkg2V
88,85,Lady Soul,Aretha Franklin,1968-01-01,7lEOKZaOpqP70UYqdLPejG,7lEOKZaOpqP70UYqdLPejG
89,86,Born in the USA,Bruce Springsteen,1984-01-01,0PMasrHdpaoIRuHuhHp72O,0PMasrHdpaoIRuHuhHp72O
90,87,The Wall,Pink Floyd,1979-01-01,5Dbax7G8SWrP9xyzkOvy2F,5Dbax7G8SWrP9xyzkOvy2F
91,88,At Folsom Prison,Johnny Cash,1968-01-01,4TJIdlY9hGSSTO1kUs1neh,4TJIdlY9hGSSTO1kUs1neh
92,89,Dusty in Memphis,Dusty Springfield,1969-01-01,6SNMenG3NjZyqgI5p4Hcmg,6SNMenG3NjZyqgI5p4Hcmg
93,90,Talking Book,Stevie Wonder,1972-01-01,3PResMqFgQYBfzTnqTKwQw,3PResMqFgQYBfzTnqTKwQw
94,91,Goodbye Yellow Brick Road,Elton John,1973-01-01,5WupqgR68HfuHt3BMJtgun,5WupqgR68HfuHt3BMJtgun
95,92,20 Golden Greats,Buddy Holly,1978-01-01,2MwhKwYfaGXfCMNKJQr6VA,2MwhKwYfaGXfCMNKJQr6VA
97,94,40 Greatest Hits,Hank Williams,1984-01-01,6zIYEv6soMoaZiypsHB5dd,6zIYEv6soMoaZiypsHB5dd
98,95,Bitches Brew,Miles Davis,1970-01-01,3Q0zkOZEOC855ErOOJ1AdO,3Q0zkOZEOC855ErOOJ1AdO
99,96,Tommy,The Who,1969-01-01,5cT7ee1sy2oEbFalP4asS4,5cT7ee1sy2oEbFalP4asS4
100,97,The Freewheelin Bob Dylan,Bob Dylan,1963-01-01,0o1uFxZ1VTviqvNaYkTJek,0o1uFxZ1VTviqvNaYkTJek
103,100,Odessey and Oracle,The Zombies,1968-01-01,6XqM4NINcx3oc7NhOUKxXp,6XqM4NINcx3oc7NhOUKxXp
104,101,In the Wee Small Hours,Frank Sinatra,1955-01-01,3GmwKB1tgPZgXeRJZSm9WX,3GmwKB1tgPZgXeRJZSm9WX
105,102,Fresh Cream,Cream,1966-01-01,6iyKqDoL9pRSHUsDBYemlB,6iyKqDoL9pRSHUsDBYemlB
106,103,Giant Steps,John Coltrane,1959-01-01,7MBQWjukLxXZYvQ8vzEH7t,7MBQWjukLxXZYvQ8vzEH7t
107,104,Sweet Baby James,James Taylor,1970-01-01,1HiG0ukRmFPN13EVcf98Jx,1HiG0ukRmFPN13EVcf98Jx
108,105,Modern Sounds in Country and Western Music,Ray Charles,1962-01-01,4j4w5DDWMKD7ePStAl19OF,4j4w5DDWMKD7ePStAl19OF
109,106,Rocket to Russia,Ramones,1977-01-01,7Jb0VtDTacuQdXM3pYyrbv,7Jb0VtDTacuQdXM3pYyrbv
110,107,Portrait of a Legend 19511964,Sam Cooke,2003-01-01,4jiO2jRz7g50ESvYYKsKwZ,4jiO2jRz7g50ESvYYKsKwZ
111,108,Hunky Dory,David Bowie,1971-01-01,6fQElzBNTiEMGdIeY0hy5l,6fQElzBNTiEMGdIeY0hy5l
112,109,Aftermath,The Rolling Stones,1966-01-01,72qrnM4yUNMDDlWiqKc8iY,72qrnM4yUNMDDlWiqKc8iY
113,110,Loaded,The Velvet Underground,1970-01-01,2ny1rPsLOoKNFZhMLubMrs,2ny1rPsLOoKNFZhMLubMrs
114,111,The Bends,Radiohead,1995-01-01,35UJLpClj5EDrhpNIi4DFg,35UJLpClj5EDrhpNIi4DFg
115,112,If You Can Believe Your Eyes and Ears,The Mamas and the Papas,1966-01-01,76oMr4Y2pOtcrvZLc2ZikF,76oMr4Y2pOtcrvZLc2ZikF
117,114,Disraeli Gears,Cream,1967-01-01,3W6CI0Lw7lElAPID2Fd3B4,3W6CI0Lw7lElAPID2Fd3B4
118,115,The Who Sell Out,The Who,1967-01-01,2JyNDhGhp0hiizSPuUs0i9,2JyNDhGhp0hiizSPuUs0i9
119,116,Out of Our Heads,The Rolling Stones,1965-01-01,2Q5MwpTmtjscaS34mJFXQQ,2Q5MwpTmtjscaS34mJFXQQ
120,117,Layla and Other Assorted Love Songs,Derek and the Dominos,1970-01-01,5iIWnMgvSM8uEBwXKsPcXM,5iIWnMgvSM8uEBwXKsPcXM
121,118,Late Registration,Kanye West,2005-01-01,5ll74bqtkcXlKE7wwkMq4g,5ll74bqtkcXlKE7wwkMq4g
122,119,At Last,Etta James,1960-01-01,7rd4PorIOPjPTy7qdUeeCt,7rd4PorIOPjPTy7qdUeeCt
123,120,Sweetheart of the Rodeo,The Byrds,1968-01-01,02XyFDfvHfIwtqOC3o0PcK,02XyFDfvHfIwtqOC3o0PcK
124,121,Stand,Sly  The Family Stone,1969-01-01,7iwS1r6JHYJe9xpPjzmWqD,7iwS1r6JHYJe9xpPjzmWqD
125,122,The Harder They Come,Various Artists,1972-01-01,4pNKVvqlhP4PYa7pedAAx7,4pNKVvqlhP4PYa7pedAAx7
126,123,Raising Hell,Run DMC,1986-01-01,7AFsTiojVaB2I58oZ1tMRg,7AFsTiojVaB2I58oZ1tMRg
127,124,Moby Grape,Moby Grape,1967-01-01,5MTUjDTUWFuyhWW7oRqqmi,5MTUjDTUWFuyhWW7oRqqmi
128,125,Pearl,Janis Joplin,1971-01-01,3j7nicLAWXM0Fb08q9XGyf,3j7nicLAWXM0Fb08q9XGyf
129,126,Catch a Fire,The Wailers,1973-01-01,39kLAVdcgW7jbMcTEaY2qy,39kLAVdcgW7jbMcTEaY2qy
130,127,Younger Than Yesterday,The Byrds,1967-01-01,33puYJ2y5qANDenRmL8BS1,33puYJ2y5qANDenRmL8BS1
132,129,Remain in Light,Talking Heads,1980-01-01,3AQgdwMNCiN7awXch5fAaG,3AQgdwMNCiN7awXch5fAaG
133,130,Marquee Moon,Television,1977-01-01,630o1rKTDsLeIPreOY1jqP,630o1rKTDsLeIPreOY1jqP
134,131,Paranoid,Black Sabbath,1970-01-01,6r7LZXAVueS5DqdrvXJJK7,6r7LZXAVueS5DqdrvXJJK7
136,133,The Wild the Innocent  the E Street Shuffle,Bruce Springsteen,1973-01-01,1rmhti8uHw21LnaWMQy608,1rmhti8uHw21LnaWMQy608
137,134,Ready to Die,The Notorious BIG,1994-01-01,2HTbQ0RHwukKVXAlTmCZP2,2HTbQ0RHwukKVXAlTmCZP2
138,135,Slanted and Enchanted,Pavement,1992-01-01,7o14zVcXSRk7clV6QCEdOD,7o14zVcXSRk7clV6QCEdOD
139,136,Greatest Hits,Elton John,1974-01-01,6W0V8B0fJItvOwC8v114rZ,6W0V8B0fJItvOwC8v114rZ
140,136,Greatest Hits,Elton John,1974-01-01,0UM9SydcBtsklCTFgGLvcT,0UM9SydcBtsklCTFgGLvcT
141,136,Greatest Hits,Elton John,1974-01-01,6TkVuaQnDOO1cmaxT1Uf9o,6TkVuaQnDOO1cmaxT1Uf9o
142,137,Tim,The Replacements,1985-01-01,2LJSizYgFPP6gP9O3YDBy1,2LJSizYgFPP6gP9O3YDBy1
143,138,The Chronic,Dr Dre,1992-01-01,2V5rhszUpCudPcb01zevOt,2V5rhszUpCudPcb01zevOt
144,139,Rejuvenation,The Meters,1974-01-01,3OoFKxuziLv3B3NxhEJwOW,3OoFKxuziLv3B3NxhEJwOW
145,140,Parallel Lines,Blondie,1978-01-01,4M6s2jbhKWEcOdXZ8WiHts,4M6s2jbhKWEcOdXZ8WiHts
146,141,Live at the Regal,BB King,1965-01-01,7njGz7ZeDXL6cH3VnflcQ2,7njGz7ZeDXL6cH3VnflcQ2
149,144,Straight Outta Compton,NWA,1988-01-01,0Y7qkJVZ06tS2GUCDptzyW,0Y7qkJVZ06tS2GUCDptzyW
150,145,Aja,Steely Dan,1977-01-01,1hOK2ey9W76x9GnftSRgrw,1hOK2ey9W76x9GnftSRgrw
151,146,Surrealistic Pillow,Jefferson Airplane,1967-01-01,6lPb7Eoon6QPbscWbMsk6a,6lPb7Eoon6QPbscWbMsk6a
152,147,Deja vu,Crosby Stills Nash  Young,1970-01-01,5bHkK1X4WEOzNvRhehvOcb,5bHkK1X4WEOzNvRhehvOcb
153,148,Houses of the Holy,Led Zeppelin,1973-01-01,0GqpoHJREPp0iuXK3HzrHk,0GqpoHJREPp0iuXK3HzrHk
154,149,Santana,Santana,1969-01-01,6FbFvnlSfEoNhwz5MdK0Dx,6FbFvnlSfEoNhwz5MdK0Dx
155,150,Darkness on the Edge of Town,Bruce Springsteen,1978-01-01,4KT6G8fj8EEIfsyr75hbgc,4KT6G8fj8EEIfsyr75hbgc
156,151,Funeral,Arcade Fire,2004-01-01,6ZB8qaR9JNuS0Q0bG1nbcH,6ZB8qaR9JNuS0Q0bG1nbcH
158,153,The Low End Theory,A Tribe Called Quest,1991-01-01,1p12OAWwudgMqfMzjMvl2a,1p12OAWwudgMqfMzjMvl2a
159,154,Moanin in the Moonlight,Howlin Wolf,1958-01-01,76MT4lqzC1oSvSYnHHjMam,76MT4lqzC1oSvSYnHHjMam
160,155,Pretenders,Pretenders,1980-01-01,6AFFu3ilmlEDz1I9ZaNOZw,6AFFu3ilmlEDz1I9ZaNOZw
162,157,Closer,Joy Division,1980-01-01,1HnxC8MLDciii5LebJ09Ko,1HnxC8MLDciii5LebJ09Ko
163,158,Captain Fantastic and the Brown Dirt Cowboy,Elton John,1975-01-01,4UcpKa4yD9AA3iEHI8MFSF,4UcpKa4yD9AA3iEHI8MFSF
164,159,Alive,KISS,1975-01-01,6TRmLIsPKSPS71Cnq8FiMc,6TRmLIsPKSPS71Cnq8FiMc
165,160,Electric Warrior,T Rex,1971-01-01,6k1iylSzWOs7SgavxlJ8kt,6k1iylSzWOs7SgavxlJ8kt
166,161,The Dock of the Bay,Otis Redding,1968-01-01,03HMOcANauhLD0WNrMkmLU,03HMOcANauhLD0WNrMkmLU
167,162,OK Computer,Radiohead,1997-01-01,6dVIqQ8qmQ5GBnJ9shOYGE,6dVIqQ8qmQ5GBnJ9shOYGE
168,163,1999,Prince,1982-01-01,34MHuXONazzgSxI0cThpAg,34MHuXONazzgSxI0cThpAg
171,166,Imperial Bedroom,Elvis Costello  The Attractions,1982-01-01,1pK8MLyjgvt8pNVkQCBnSg,1pK8MLyjgvt8pNVkQCBnSg
172,167,Master of Puppets,Metallica,1986-01-01,7CGhx630DIjdJqaBDVKc5j,7CGhx630DIjdJqaBDVKc5j
173,168,My Aim Is True,Elvis Costello,1977-01-01,1aucGNKimhgARC7iO2xLt2,1aucGNKimhgARC7iO2xLt2
174,169,Exodus,Bob Marley  The Wailers,1977-01-01,2mBbV0Ad6B4ydHMZlzAY7S,2mBbV0Ad6B4ydHMZlzAY7S
175,170,Live at Leeds,The Who,1970-01-01,6W3aTLI4B5UsPpWMvhT2W4,6W3aTLI4B5UsPpWMvhT2W4
176,171,The Notorious Byrd Brothers,The Byrds,1968-01-01,5UI2X5VAmgu9xrlXDd5U7B,5UI2X5VAmgu9xrlXDd5U7B
177,172,Every Picture Tells a Story,Rod Stewart,1971-01-01,4VykjLwkyfKMZVLrJJVrYh,4VykjLwkyfKMZVLrJJVrYh
178,173,SomethingAnything,Todd Rundgren,1972-01-01,3fRCOoTbBsOITBWlCRCJQr,3fRCOoTbBsOITBWlCRCJQr
179,174,Desire,Bob Dylan,1976-01-01,1T8usYsiGEMPMQOLFgJEbE,1T8usYsiGEMPMQOLFgJEbE
180,175,Close to You,Carpenters,1970-01-01,1CsuCA05y9r7ftG9bGGtWV,1CsuCA05y9r7ftG9bGGtWV
181,176,Rocks,Aerosmith,1976-01-01,4ldiyfqRvKiIasHHuDftuP,4ldiyfqRvKiIasHHuDftuP
185,180,The Rolling Stones Now,The Rolling Stones,1965-01-01,592dKHbXtiglWyt8AEet23,592dKHbXtiglWyt8AEet23
186,181,Natty Dread,Bob Marley  The Wailers,1974-01-01,1d8lF3nZpEIFeEbWmAt9Ey,1d8lF3nZpEIFeEbWmAt9Ey
187,182,Fleetwood Mac,Fleetwood Mac,1975-01-01,5VIQ3VaAoRKOEpJ0fewdvo,5VIQ3VaAoRKOEpJ0fewdvo
188,183,Red Headed Stranger,Willie Nelson,1975-01-01,5aEtg4dxdBk4pj6SJ3hNsM,5aEtg4dxdBk4pj6SJ3hNsM
189,184,The Immaculate Collection,Madonna,1990-01-01,5MzwGwnO9gkh0z6Nl4FF8h,5MzwGwnO9gkh0z6Nl4FF8h
190,185,The Stooges,The Stooges,1969-01-01,0Z1Y5L90NjqUD351YUQWdA,0Z1Y5L90NjqUD351YUQWdA
191,186,Fresh,Sly  The Family Stone,1973-01-01,5Mtnj5JyvyXR6ui377dBnD,5Mtnj5JyvyXR6ui377dBnD
192,187,So,Peter Gabriel,1986-01-01,1vJ8rCzq6BJtKGz9Yf6oT3,1vJ8rCzq6BJtKGz9Yf6oT3
193,188,Buffalo Springfield Again,Buffalo Springfield,1967-01-01,7hez8jibf36E66GHpFkWz7,7hez8jibf36E66GHpFkWz7
194,189,Happy Trails,Quicksilver Messenger Service,1969-01-01,7d9IZA5hVMlRqkRszYt66r,7d9IZA5hVMlRqkRszYt66r
195,190,From Elvis in Memphis,Elvis Presley,1969-01-01,3ekkFrfotMsEAKc5g71GHk,3ekkFrfotMsEAKc5g71GHk
196,191,Fun House,The Stooges,1970-01-01,3FTcomSFg2zWSqWLRgBYpv,3FTcomSFg2zWSqWLRgBYpv
197,192,The Gilded Palace of Sin,The Flying Burrito Brothers,1969-01-01,6VWKy5o2OcdeWa7yolazjU,6VWKy5o2OcdeWa7yolazjU
198,193,Dookie,Green Day,1994-01-01,4uG8q3GPuWHQlRbswMIRS6,4uG8q3GPuWHQlRbswMIRS6
199,194,Transformer,Lou Reed,1972-01-01,5SqbMEyAt8332ISGiLX0St,5SqbMEyAt8332ISGiLX0St
202,197,Murmur,REM,1983-01-01,4Mw9Gcu1LT7JaipXdwrq1Q,4Mw9Gcu1LT7JaipXdwrq1Q
203,198,The Best of Little Walter,Little Walter,1967-01-01,2yIkYQJevVxZADVieZX1Bx,2yIkYQJevVxZADVieZX1Bx
204,199,Is This It,The Strokes,2001-01-01,2k8KgmDp9oHrmu0MIj4XDE,2k8KgmDp9oHrmu0MIj4XDE
205,200,Highway to Hell,ACDC,1979-01-01,10v912xgTZbjAtYfyKWJCS,10v912xgTZbjAtYfyKWJCS
206,201,The Downward Spiral,Nine Inch Nails,1994-01-01,3nJnyDV8fwFpffo0EyHQto,3nJnyDV8fwFpffo0EyHQto
207,202,Parsley Sage Rosemary and Thyme,Simon  Garfunkel,1966-01-01,1sh32o99zA04PJIUJUpEj7,1sh32o99zA04PJIUJUpEj7
208,203,Bad,Michael Jackson,1987-01-01,24TAupSNVWSAHL0R7n71vm,24TAupSNVWSAHL0R7n71vm
209,204,Modern Times,Bob Dylan,2006-01-01,6y2WHyqRUCeHrjMXvjnRmD,6y2WHyqRUCeHrjMXvjnRmD
210,205,Wheels of Fire,Cream,1968-01-01,0zrtTZC7yY2TOEhnbJzSb9,0zrtTZC7yY2TOEhnbJzSb9
211,206,Dirty Mind,Prince,1980-01-01,4JsSbaggaprB1AfDylXnxO,4JsSbaggaprB1AfDylXnxO
212,207,Abraxas,Santana,1970-01-01,1CHUXwuge9A7L2KiA3vnR6,1CHUXwuge9A7L2KiA3vnR6
213,208,Tea for the Tillerman,Cat Stevens,1970-01-01,44VxbAytHpVi3Rq8hRhild,44VxbAytHpVi3Rq8hRhild
214,209,Ten,Pearl Jam,1991-01-01,5B4PYA7wNN4WdEXdIJu58a,5B4PYA7wNN4WdEXdIJu58a
216,211,Wish You Were Here,Pink Floyd,1975-01-01,0bCAjiUamIFqKJsekOYuRw,0bCAjiUamIFqKJsekOYuRw
217,212,Crooked Rain Crooked Rain,Pavement,1994-01-01,1XFNz6KIvLyIsLFOiLRKqP,1XFNz6KIvLyIsLFOiLRKqP
218,213,Tattoo You,The Rolling Stones,1981-01-01,15XNBzVWARPMlu0sEbfBjJ,15XNBzVWARPMlu0sEbfBjJ
219,214,Proud Mary The Best of Ike and Tina Turner,Ike  Tina Turner,1991-01-01,2UCdfQEDgzWtbzpaD4Mo47,2UCdfQEDgzWtbzpaD4Mo47
220,215,New York Dolls,New York Dolls,1973-01-01,2xbTV0Awe4Qm5caUVuPbMr,2xbTV0Awe4Qm5caUVuPbMr
221,216,Bo Diddley  Go Bo Diddley,Bo Diddley,1986-01-01,71lvfHjjLerIFN8ZNSrqIe,71lvfHjjLerIFN8ZNSrqIe
223,218,The Queen Is Dead,The Smiths,1986-01-01,5Y0p2XCgRRIjna91aQE8q7,5Y0p2XCgRRIjna91aQE8q7
224,219,Licensed to Ill,Beastie Boys,1986-01-01,11oR0ZuqB3ucZwb5TGbZxb,11oR0ZuqB3ucZwb5TGbZxb
225,220,LookKa Py Py,The Meters,1970-01-01,6mGpQtwteyjKS4Up9tXuND,6mGpQtwteyjKS4Up9tXuND
226,221,Loveless,My Bloody Valentine,1991-01-01,3GH4IiI6jQAIvnHVdb5FB6,3GH4IiI6jQAIvnHVdb5FB6
227,222,New Orleans Piano,Professor Longhair,1972-01-01,4vQc378UGRZAaJemArhMpv,4vQc378UGRZAaJemArhMpv
228,223,War,U2,1983-01-01,6GaqU0TlYBKHUiSJ0AT9A2,6GaqU0TlYBKHUiSJ0AT9A2
229,224,The Neil Diamond Collection,Neil Diamond,1999-01-01,1HikHsp85mIbnhhxj8X1u1,1HikHsp85mIbnhhxj8X1u1
230,225,American Idiot,Green Day,2004-01-01,5dN7F9DV0Qg1XRdIgW8rke,5dN7F9DV0Qg1XRdIgW8rke
231,226,Nebraska,Bruce Springsteen,1982-01-01,6yskFQZNlLYhkchAxELHi6,6yskFQZNlLYhkchAxELHi6
232,227,Doolittle,Pixies,1989-01-01,0DQyTVcDhK9wm0f6RaErWO,0DQyTVcDhK9wm0f6RaErWO
233,228,Paid in Full,Eric B  Rakim,1987-01-01,3miZDfDnP7SmOXAJXWdFmz,3miZDfDnP7SmOXAJXWdFmz
234,229,Toys in the Attic,Aerosmith,1975-01-01,6As5aOEQjfxLIChIB3fQRD,6As5aOEQjfxLIChIB3fQRD
235,230,Nick of Time,Bonnie Raitt,1989-01-01,6wxpS5o0ty5CLqyH5fIRln,6wxpS5o0ty5CLqyH5fIRln
236,231,A Night at the Opera,Queen,1975-01-01,6X9k3hSsvQck2OfKYdBbXr,6X9k3hSsvQck2OfKYdBbXr
237,232,The Kink Kronikles,The Kinks,1972-01-01,5lWh5YPOOuvdlSn5hLDn02,5lWh5YPOOuvdlSn5hLDn02
238,233,Mr Tambourine Man,The Byrds,1965-01-01,0pkrqPjeq9K5KD0hFqAKNa,0pkrqPjeq9K5KD0hFqAKNa
239,234,Bookends,Simon  Garfunkel,1968-01-01,3bzgbgiytguTDnwzflAZr2,3bzgbgiytguTDnwzflAZr2
242,237,My Generation,The Who,1965-01-01,6Oc6Ok1Oawu8lRkjmD4mXy,6Oc6Ok1Oawu8lRkjmD4mXy
243,238,Howlin Wolf,Howlin Wolf,1962-01-01,26TtzBrPdUkHMSTPSbctbl,26TtzBrPdUkHMSTPSbctbl
244,239,Like a Prayer,Madonna,1989-01-01,48AGkmM7iO4jrELRnNZGPV,48AGkmM7iO4jrELRnNZGPV
245,240,Cant Buy a Thrill,Steely Dan,1972-01-01,6DlSUW5gmq6Byc3osKDJ2p,6DlSUW5gmq6Byc3osKDJ2p
246,241,Let It Be,The Replacements,1984-01-01,4LwFCUyV4wM6SEg84PaLuL,4LwFCUyV4wM6SEg84PaLuL
247,241,Let It Be,The Replacements,1984-01-01,0jTGHV5xqHPvEcwL8f6YU5,0jTGHV5xqHPvEcwL8f6YU5
249,243,Black Sabbath,Black Sabbath,1970-01-01,4ZLy3U2q17Yjw7jkjXPJQj,4ZLy3U2q17Yjw7jkjXPJQj
250,244,The Marshall Mathers LP,Eminem,2000-01-01,6t7956yu5zYf5A829XRiHC,6t7956yu5zYf5A829XRiHC
252,246,Freak Out,The Mothers of Invention,1966-01-01,6qfS5de8GAy1G5tk7tyiof,6qfS5de8GAy1G5tk7tyiof
254,248,The Shape of Jazz to Come,Ornette Coleman,1959-01-01,2iPH3iUmpa9ufIpwY76keF,2iPH3iUmpa9ufIpwY76keF
255,249,Automatic for the People,REM,1992-01-01,0BiNb8HYR4JvuxUa31Z58Q,0BiNb8HYR4JvuxUa31Z58Q
256,250,Reasonable Doubt,Jay Z,1996-01-01,3YPK0bNOuayhmSrs0sIIBR,3YPK0bNOuayhmSrs0sIIBR
257,251,Low,David Bowie,1977-01-01,2de6LD7eOW8zrlorbS28na,2de6LD7eOW8zrlorbS28na
258,252,The Blueprint,Jay Z,2001-01-01,2CUT0104gySOIvqwtXeFsX,2CUT0104gySOIvqwtXeFsX
259,253,The River,Bruce Springsteen,1980-01-01,6YNIEeDWqC09YIWzhoSVLg,6YNIEeDWqC09YIWzhoSVLg
260,254,Complete  Unbelievable The Otis Redding Dictionary of Soul,Otis Redding,1966-01-01,25uNcuL4dAoV62eKmr8Q0Y,25uNcuL4dAoV62eKmr8Q0Y
263,257,Whitney Houston,Whitney Houston,1985-01-01,2MH37enG6IPvNK5QFLyKes,2MH37enG6IPvNK5QFLyKes
264,258,The Kinks Are The Village Green Preservation Society,The Kinks,1968-01-01,0YgkR96bK9JSHcj236W9ZK,0YgkR96bK9JSHcj236W9ZK
265,259,The Velvet Rope,Janet,1997-01-01,1uFp52Q9EXLNA6DTRYnpTj,1uFp52Q9EXLNA6DTRYnpTj
266,260,Stardust,Willie Nelson,1978-01-01,38uGoW7jS8jjJMvZA26sRq,38uGoW7jS8jjJMvZA26sRq
267,261,American Beauty,Grateful Dead,1970-01-01,2UDDZVesmQwA4aYfa55diS,2UDDZVesmQwA4aYfa55diS
268,262,Crosby Stills  Nash,Crosby Stills  Nash,1969-01-01,6vUWpE8qciYHOhf7mgaGny,6vUWpE8qciYHOhf7mgaGny
269,263,Tracy Chapman,Tracy Chapman,1988-01-01,6hmmX5UP4rIvOpGSaPerV8,6hmmX5UP4rIvOpGSaPerV8
270,264,Workingmans Dead,Grateful Dead,1970-01-01,5C5SWfvEGPnbcasiePuPov,5C5SWfvEGPnbcasiePuPov
271,265,The Genius of Ray Charles,Ray Charles,1959-01-01,4GFWnwli2cVOBp2G1zqhV1,4GFWnwli2cVOBp2G1zqhV1
272,266,Child Is Father to the Man,Blood Sweat  Tears,1968-01-01,0OhNZ7R4dOqtDPLGp0jBAZ,0OhNZ7R4dOqtDPLGp0jBAZ
273,267,Quadrophenia,The Who,1973-01-01,2miMVTH3qNA49YD2BUaIWK,2miMVTH3qNA49YD2BUaIWK
274,268,Paul Simon,Paul Simon,1972-01-01,7npBPiCHjPj8PVIGPuHXep,7npBPiCHjPj8PVIGPuHXep
275,269,Psychocandy,The Jesus and Mary Chain,1985-01-01,0PnzJO3D4i85ALVJPaDpru,0PnzJO3D4i85ALVJPaDpru
276,270,Some Girls,The Rolling Stones,1978-01-01,1Jv2AqzhgsduUik2p4k3cS,1Jv2AqzhgsduUik2p4k3cS
277,271,The Beach Boys Today,The Beach Boys,1965-01-01,1xPtXzS5yCbDAqC7pxRCaF,1xPtXzS5yCbDAqC7pxRCaF
278,272,Dig Me Out,Sleater Kinney,1997-01-01,3tshnNFNhHrO6NUQ0BHw42,3tshnNFNhHrO6NUQ0BHw42
279,273,Going to a GoGo,Smokey Robinson  The Miracles,1966-01-01,2NT1Pc0MXlXORHLBkHyKQW,2NT1Pc0MXlXORHLBkHyKQW
280,274,Nightbirds,LaBelle,1974-01-01,5Zx4eUC5dTg6aufiSLQ6uo,5Zx4eUC5dTg6aufiSLQ6uo
281,275,The Slim Shady LP,Eminem,1999-01-01,0vE6mttRTBXRe9rKghyr1l,0vE6mttRTBXRe9rKghyr1l
282,276,Mothership Connection,Parliament,1975-01-01,4q1HNSka8CzuLvC8ydcsD2,4q1HNSka8CzuLvC8ydcsD2
283,277,Rhythm Nation 1814,Janet Jackson,1989-01-01,4OD3LU6001esAtFshDX46M,4OD3LU6001esAtFshDX46M
284,278,Anthology of American Folk Music,Various,1997-01-01,3SkGQuWlU5svUrN4gmHs4H,3SkGQuWlU5svUrN4gmHs4H
285,279,Aladdin Sane,David Bowie,1973-01-01,3HZKOk1knxrUU3y5ZIOdbz,3HZKOk1knxrUU3y5ZIOdbz
286,280,All That You Cant Leave Behind,U2,2000-01-01,7gskILm9UyDvFlmmAoqn2g,7gskILm9UyDvFlmmAoqn2g
287,281,My Life,Mary J Blige,1994-01-01,1OQ5l5rHKqUumPpn559zJC,1OQ5l5rHKqUumPpn559zJC
288,282,Folk Singer,Muddy Waters,1964-01-01,4bi0CKFKviadIaSlkakfN7,4bi0CKFKviadIaSlkakfN7
290,284,The Cars,The Cars,1978-01-01,4tJPWT4r4FSKwy784Qs1Fq,4tJPWT4r4FSKwy784Qs1Fq
291,285,Music of My Mind,Stevie Wonder,1972-01-01,7n0bcoRDylRw5PUKn2PlRJ,7n0bcoRDylRw5PUKn2PlRJ
293,287,Los Angeles,X,1980-01-01,3OpKtGldm7NzZVVn1LFlYn,3OpKtGldm7NzZVVn1LFlYn
294,288,Anthem of the Sun,Grateful Dead,1968-01-01,4ZaIo647CyWAgow8oxqajh,4ZaIo647CyWAgow8oxqajh
296,290,Call Me,Al Green,1973-01-01,1hryVGXoRLV9WAhO97xEDJ,1hryVGXoRLV9WAhO97xEDJ
297,291,Talking Heads 77,Talking Heads,1977-01-01,5eqcF7pWzHgWpGdEmHgeSN,5eqcF7pWzHgWpGdEmHgeSN
299,293,White LightWhite Heat,The Velvet Underground,1968-01-01,0HHmJpwOXXRJu9HI9iQiEO,0HHmJpwOXXRJu9HI9iQiEO
300,294,Kick Out the Jams,MC5,1969-01-01,0kT4F2mSpvTk3stwiaEStp,0kT4F2mSpvTk3stwiaEStp
301,295,Songs of Love and Hate,Leonard Cohen,1970-01-01,2Om4oR7plGGub1aYe5uB7B,2Om4oR7plGGub1aYe5uB7B
302,296,Meat Is Murder,The Smiths,1985-01-01,5DM1qCdgGt2zbknnsVn1Ca,5DM1qCdgGt2zbknnsVn1Ca
304,298,The College Dropout,Kanye West,2003-01-01,4Uv86qWpGTxf7fU7lG5X6F,4Uv86qWpGTxf7fU7lG5X6F
306,300,Master of Reality,Black Sabbath,1971-01-01,7pGb2cOGVz6vLyaZaKOQ7D,7pGb2cOGVz6vLyaZaKOQ7D
307,301,Coat of Many Colors,Dolly Parton,1971-01-01,17CT6ru3CyDXAi6xVaSUzg,17CT6ru3CyDXAi6xVaSUzg
308,302,Fear of a Black Planet,Public Enemy,1990-01-01,0aFNb4RDk2hmKKLa0bzXNz,0aFNb4RDk2hmKKLa0bzXNz
309,303,John Wesley Harding,Bob Dylan,1967-01-01,2KzCDxKpgLqBffHu1IZ7Kn,2KzCDxKpgLqBffHu1IZ7Kn
310,304,Grace,Jeff Buckley,1994-01-01,7yQtjAjhtNi76KRu05XWFS,7yQtjAjhtNi76KRu05XWFS
311,305,Car Wheels on a Gravel Road,Lucinda Williams,1998-01-01,3iC6dJobZulVXp0F4Bojig,3iC6dJobZulVXp0F4Bojig
312,306,Odelay,Beck,1996-01-01,1Pus5h1qGedCn4CtOuPVtp,1Pus5h1qGedCn4CtOuPVtp
314,308,Songs for Swingin Lovers,Frank Sinatra,1956-01-01,4kca7vXd1Wo5GE2DMafvMc,4kca7vXd1Wo5GE2DMafvMc
315,309,Willy and the Poor Boys,Creedence Clearwater Revival,1969-01-01,31q47gQszFt0CddSyMksgO,31q47gQszFt0CddSyMksgO
316,310,Blood Sugar Sex Magik,Red Hot Chili Peppers,1991-01-01,30Perjew8HyGkdSmqguYyg,30Perjew8HyGkdSmqguYyg
317,311,The Sun Records Collection,Various,1994-01-01,6gpxnJu7mXPcQqjImIAxM5,6gpxnJu7mXPcQqjImIAxM5
319,313,MTV Unplugged in New York,Nirvana,1994-01-01,1To7kv722A8SpZF789MZy7,1To7kv722A8SpZF789MZy7
320,314,The Miseducation of Lauryn Hill,Lauryn Hill,1998-01-01,1BZoqf8Zje5nGdwZhOjAtD,1BZoqf8Zje5nGdwZhOjAtD
321,315,Damn the Torpedoes,Tom Petty and the Heartbreakers,1979-01-01,708Whrc4abJEtqBINv9S2b,708Whrc4abJEtqBINv9S2b
322,316,The Velvet Underground,The Velvet Underground,1969-01-01,4xwx0x7k6c5VuThz5qVqmV,4xwx0x7k6c5VuThz5qVqmV
323,317,Surfer Rosa,Pixies,1988-01-01,50j4Wm1b9hLpSpPIA39Vp9,50j4Wm1b9hLpSpPIA39Vp9
325,319,Burnin,The Wailers,1973-01-01,5EZMcYc3xK0rlru83kHpUe,5EZMcYc3xK0rlru83kHpUe
326,320,Amnesiac,Radiohead,2001-01-01,1HrMmB5useeZ0F5lHrMvl0,1HrMmB5useeZ0F5lHrMvl0
327,321,Pink Moon,Nick Drake,1972-01-01,5mwOo1zikswhmfHvtqVSXg,5mwOo1zikswhmfHvtqVSXg
328,322,Sail Away,Randy Newman,1972-01-01,7ojNQckNp7Tj2BkLJCiiUL,7ojNQckNp7Tj2BkLJCiiUL
329,323,Ghost in the Machine,The Police,1981-01-01,5jkwdY6jS1Hzi8epr6HW7h,5jkwdY6jS1Hzi8epr6HW7h
330,324,Station to Station,David Bowie,1976-01-01,0MWrKayUshRuT8maG4ZAOU,0MWrKayUshRuT8maG4ZAOU
331,325,Slowhand,Eric Clapton,1977-01-01,5MAL7e4EnKXW1hFg6NbFqP,5MAL7e4EnKXW1hFg6NbFqP
332,326,Disintegration,The Cure,1989-01-01,6vQB3ZBxnQPP3jQcGV2qzg,6vQB3ZBxnQPP3jQcGV2qzg
333,327,Exile in Guyville,Liz Phair,1993-01-01,7sCpW2cLGcRk1zf9zi0Yqd,7sCpW2cLGcRk1zf9zi0Yqd
334,328,Daydream Nation,Sonic Youth,1988-01-01,23O4F21GDWiGd33tFN3ZgI,23O4F21GDWiGd33tFN3ZgI
335,329,In the Jungle Groove,James Brown,1986-01-01,4IxN6AdKM6psncLNIwLWUs,4IxN6AdKM6psncLNIwLWUs
337,331,Help,The Beatles,1965-01-01,0PT5m6hwPRrpBwIHVnvbFX,0PT5m6hwPRrpBwIHVnvbFX
338,332,Shoot Out the Lights,Richard  Linda Thompson,1982-01-01,4xX94uM6Kf972DJurGKnbb,4xX94uM6Kf972DJurGKnbb
339,333,Wild Gift,X,1981-01-01,2ECSVdWu5RCvYqIRGA0pyR,2ECSVdWu5RCvYqIRGA0pyR
341,335,Superunknown,Soundgarden,1994-01-01,29sTacnS0qA9xri6YS8xLA,29sTacnS0qA9xri6YS8xLA
342,336,In Rainbows,Radiohead,2007-01-01,5vkqYmiPBYLaalcmjujWxK,5vkqYmiPBYLaalcmjujWxK
343,337,Aqualung,Jethro Tull,1971-01-01,0NGM3Ftwjw0dLNpAowmz3x,0NGM3Ftwjw0dLNpAowmz3x
344,338,Cheap Thrills,Big Brother  the Holding Company,1968-01-01,2rogKfOpmCFuqNhtGKf2dX,2rogKfOpmCFuqNhtGKf2dX
345,339,The Heart of Saturday Night,Tom Waits,1974-01-01,2fnWxy7UoIazBiewjgchvm,2fnWxy7UoIazBiewjgchvm
346,340,Damaged,Black Flag,1981-01-01,34aFnrFRBlErcbU6moRZR3,34aFnrFRBlErcbU6moRZR3
347,341,Play,Moby,1999-01-01,724hO8VLcKOz9b0y18wA8c,724hO8VLcKOz9b0y18wA8c
348,342,Violator,Depeche Mode,1990-01-01,5g3Yi15plTSMaq6tYiuw8p,5g3Yi15plTSMaq6tYiuw8p
349,343,Bat Out of Hell,Meat Loaf,1977-01-01,6mvI80w5r78niBmwtu7RF9,6mvI80w5r78niBmwtu7RF9
350,344,Berlin,Lou Reed,1973-01-01,4iaDgkP0M6ahEHrBynAFei,4iaDgkP0M6ahEHrBynAFei
351,345,Stop Making Sense,Talking Heads,1984-01-01,4FR8Z6TvIsC56NLyNomNRE,4FR8Z6TvIsC56NLyNomNRE
352,346,3 Feet High and Rising,De La Soul,1989-01-01,34LxHI9x14qXUOS8AWRrYD,34LxHI9x14qXUOS8AWRrYD
353,347,The Piper at the Gates of Dawn,Pink Floyd,1967-01-01,2Se4ZylF9NkFGD92yv1aZC,2Se4ZylF9NkFGD92yv1aZC
354,348,Muddy Waters at Newport 1960,Muddy Waters,1960-01-01,7gTcPv1bE0THbjuvDbK1gq,7gTcPv1bE0THbjuvDbK1gq
355,349,The Black Album,Jay Z,2003-01-01,4FWvo9oS4gRgHtAwDwUjiO,4FWvo9oS4gRgHtAwDwUjiO
356,350,Roger the Engineer,The Yardbirds,1966-01-01,3s6wTRMDispMa4gCd26FPc,3s6wTRMDispMa4gCd26FPc
358,352,Brothers in Arms,Dire Straits,1985-01-01,7jvcSnCnugLcisBCNBm60s,7jvcSnCnugLcisBCNBm60s
359,353,My Beautiful Dark Twisted Fantasy,Kanye West,2010-01-01,20r762YmB5HeofjMCiPMLv,20r762YmB5HeofjMCiPMLv
360,354,52nd Street,Billy Joel,1978-01-01,1HmCO8VK98AU6EXPOjGYyI,1HmCO8VK98AU6EXPOjGYyI
361,355,Having a Rave Up,The Yardbirds,1965-01-01,5SC92pfXSbQvZjgfk0oGno,5SC92pfXSbQvZjgfk0oGno
362,356,12 Songs,Randy Newman,1970-01-01,3HhJGNadZnFCkAYrPgSuVR,3HhJGNadZnFCkAYrPgSuVR
363,357,Between the Buttons,The Rolling Stones,1967-01-01,36BIYdP4WtviD9Ngqc4SK5,36BIYdP4WtviD9Ngqc4SK5
364,358,Sketches of Spain,Miles Davis,1960-01-01,4Gg3siRefHW8r2CndJxIiJ,4Gg3siRefHW8r2CndJxIiJ
366,360,Singles Going Steady,Buzzcocks,1979-01-01,6TxgQwGrbG3XZLNPOEhg7E,6TxgQwGrbG3XZLNPOEhg7E
367,361,Stankonia,OutKast,2000-01-01,2tm3Ht61kqqRZtIYsBjxEj,2tm3Ht61kqqRZtIYsBjxEj
368,362,Siamese Dream,The Smashing Pumpkins,1993-01-01,0bQglEvsHphrS19FGODEGo,0bQglEvsHphrS19FGODEGo
370,364,LA Woman,The Doors,1971-01-01,7IKUTIc9UWuVngyGPtqNHS,7IKUTIc9UWuVngyGPtqNHS
371,365,Rage Against the Machine,Rage Against the Machine,1992-01-01,4Io5vWtmV1rFj4yirKb4y4,4Io5vWtmV1rFj4yirKb4y4
372,366,American Recordings,Johnny Cash,1994-01-01,19rYWxZfMdEOxTDODFjLyb,19rYWxZfMdEOxTDODFjLyb
373,367,Ray of Light,Madonna,1998-01-01,6cuNyrSmRjBeekioLdLkvI,6cuNyrSmRjBeekioLdLkvI
374,368,Eagles,Eagles,1972-01-01,51B7LbLWgYLKBVSpkan8Z7,51B7LbLWgYLKBVSpkan8Z7
375,369,Louder Than Bombs,The Smiths,1987-01-01,45StnugV9WQMQwk4rRoTy8,45StnugV9WQMQwk4rRoTy8
376,370,Mott,Mott the Hoople,1973-01-01,3ApRy4edE6ZYi081aFpq4s,3ApRy4edE6ZYi081aFpq4s
378,372,Reggatta de Blanc,The Police,1979-01-01,2EpuND32cO7CX0gXZl2NB6,2EpuND32cO7CX0gXZl2NB6
379,373,Volunteers,Jefferson Airplane,1969-01-01,5SxBU3zQaLOq5eapsG3jFQ,5SxBU3zQaLOq5eapsG3jFQ
380,374,Siren,Roxy Music,1975-01-01,5Tpor3YZBVEJ9tWD5L31mH,5Tpor3YZBVEJ9tWD5L31mH
381,375,Late for the Sky,Jackson Browne,1974-01-01,0aiTqo8YZI0dKDgcCnkkzP,0aiTqo8YZI0dKDgcCnkkzP
382,376,Post,Bjork,1995-01-01,2Ul7B1LEHxXzYubtkTMENs,2Ul7B1LEHxXzYubtkTMENs
384,378,Whats the Story Morning Glory,Oasis,1995-01-01,6tOe4eAF8xNhEkl9WyvsE4,6tOe4eAF8xNhEkl9WyvsE4
385,379,CrazySexyCool,TLC,1994-01-01,5eg56dCpFn32neJak2vk0f,5eg56dCpFn32neJak2vk0f
386,380,Funky Kingston,Toots  The Maytals,1973-01-01,7a341nZsSfwyBsq1tMPETz,7a341nZsSfwyBsq1tMPETz
387,381,The Smile Sessions,The Beach Boys,2011-01-01,01TG7VOg4F90jXv3a1yCgA,01TG7VOg4F90jXv3a1yCgA
388,382,The Modern Lovers,The Modern Lovers,1976-01-01,7ro1W6lc4tuTaRyA8rnVm1,7ro1W6lc4tuTaRyA8rnVm1
389,383,More Songs About Buildings and Food,Talking Heads,1978-01-01,01RJdKvXyz515O37itqMIJ,01RJdKvXyz515O37itqMIJ
390,384,A Quick One,The Who,1966-01-01,6f4mqM3RNAfO1t6XeeUa8P,6f4mqM3RNAfO1t6XeeUa8P
391,385,Love and Theft,Bob Dylan,2001-01-01,4BcfuxQ4EO07Y53yr6YhAJ,4BcfuxQ4EO07Y53yr6YhAJ
392,386,Pretzel Logic,Steely Dan,1974-01-01,4XfN871nBIz6obaUDEzZXm,4XfN871nBIz6obaUDEzZXm
393,387,Enter the Wu_Tang 36 Chambers,Wu Tang Clan,1993-01-01,3tQd5mwBtVyxCoEo4htGAV,3tQd5mwBtVyxCoEo4htGAV
394,388,The Indestructible Beat of Soweto,Various Artists,1985-01-01,1DIr8JMRBnm1cZMYIGKb8t,1DIr8JMRBnm1cZMYIGKb8t
395,389,The End of the Innocence,Don Henley,1989-01-01,12lDqJuZIqMk6DNe1fInFl,12lDqJuZIqMk6DNe1fInFl
396,390,Elephant,The White Stripes,2003-01-01,6D9urpsOWWKtYvF6PaorGE,6D9urpsOWWKtYvF6PaorGE
397,391,The Pretender,Jackson Browne,1976-01-01,1AqUcQKtf2AQ6rFRKIBei8,1AqUcQKtf2AQ6rFRKIBei8
398,392,Let It Be,The Beatles,1970-01-01,4LwFCUyV4wM6SEg84PaLuL,4LwFCUyV4wM6SEg84PaLuL
399,392,Let It Be,The Beatles,1970-01-01,0jTGHV5xqHPvEcwL8f6YU5,0jTGHV5xqHPvEcwL8f6YU5
400,393,Kala,MIA,2007-01-01,2xoj2gYed3IYmGWn3owSfu,2xoj2gYed3IYmGWn3owSfu
401,394,Good Old Boys,Randy Newman,1974-01-01,4UY90kcO4N9ZPBl4xPLvvU,4UY90kcO4N9ZPBl4xPLvvU
402,395,Sound of Silver,LCD Soundsystem,2007-01-01,1R8kkopLT4IAxzMMkjic6X,1R8kkopLT4IAxzMMkjic6X
403,396,For Your Pleasure,Roxy Music,1973-01-01,6gKMWnGptVs6yT2MgCxw29,6gKMWnGptVs6yT2MgCxw29
404,397,Blue Lines,Massive Attack,1991-01-01,5mAPk4qeNqVLtNydaWbWlf,5mAPk4qeNqVLtNydaWbWlf
405,398,Eliminator,ZZ Top,1983-01-01,5LMGAYhn2ywaxGZdtmXGpw,5LMGAYhn2ywaxGZdtmXGpw
406,399,Rain Dogs,Tom Waits,1985-01-01,51CvLH7MxsLuFgTwVvzApx,51CvLH7MxsLuFgTwVvzApx
408,401,Californication,Red Hot Chili Peppers,1999-01-01,2Y9IRtehByVkegoD7TcLfi,2Y9IRtehByVkegoD7TcLfi
409,402,Illmatic,Nas,1994-01-01,3kEtdS2pH6hKcMU9Wioob1,3kEtdS2pH6hKcMU9Wioob1
410,403,pronounced lehnerd skinnerd,Lynyrd Skynyrd,1973-01-01,6DExt1eX4lflLacVjHHbOs,6DExt1eX4lflLacVjHHbOs
412,405,Radio City,Big Star,1974-01-01,3mtVgumHx6y9I2UvW4lUd5,3mtVgumHx6y9I2UvW4lUd5
413,406,Rid of Me,PJ Harvey,1993-01-01,2fDJpBJhtloxzUENHlU9JB,2fDJpBJhtloxzUENHlU9JB
414,407,Sandinista,The Clash,1980-01-01,2UxN3UKyS3Z5r0Sra8A5RF,2UxN3UKyS3Z5r0Sra8A5RF
416,409,Strange Days,The Doors,1967-01-01,6v5IVMmY1IvWtbfnQoiFSf,6v5IVMmY1IvWtbfnQoiFSf
417,410,Time Out of Mind,Bob Dylan,1997-01-01,185DHT5SvszXRrezx3lOjt,185DHT5SvszXRrezx3lOjt
418,411,461 Ocean Boulevard,Eric Clapton,1974-01-01,73cxqemPE6sVoCkwRuPU6E,73cxqemPE6sVoCkwRuPU6E
419,412,Pink Flag,Wire,1977-01-01,4WXqZZ28geJSPtqLcCF56L,4WXqZZ28geJSPtqLcCF56L
420,413,Double Nickels on the Dime,Minutemen,1984-01-01,5viZ5HyYtV0wafK7DoXmgF,5viZ5HyYtV0wafK7DoXmgF
422,415,Van Halen,Van Halen,1978-01-01,7DdEbYFPKTZ8KB4z6L4UnQ,7DdEbYFPKTZ8KB4z6L4UnQ
423,416,Mule Variations,Tom Waits,1999-01-01,7cAcex6xw4fP67ltgn1gm3,7cAcex6xw4fP67ltgn1gm3
424,417,Boy,U2,1980-01-01,4YCjEFs1aDmcilTMbqMwjY,4YCjEFs1aDmcilTMbqMwjY
426,419,Dummy,Portishead,1994-01-01,3539EbNgIdEDGBKkUf4wno,3539EbNgIdEDGBKkUf4wno
429,422,Presenting the Fabulous Ronettes Featuring Veronica,The Ronettes,1963-01-01,0CoNLgOwcZGBUSwd9fAZuy,0CoNLgOwcZGBUSwd9fAZuy
430,423,Anthology,Diana Ross  The Supremes,2001-01-01,5gX0Oedkr1IgRO8OXhUR5k,5gX0Oedkr1IgRO8OXhUR5k
431,424,The Rising,Bruce Springsteen,2002-01-01,23vzCh5cDn0LzdGmGWrT1d,23vzCh5cDn0LzdGmGWrT1d
432,425,Grievous Angel,Gram Parsons,1974-01-01,6UQujMGmR5MbFsML9amCuN,6UQujMGmR5MbFsML9amCuN
434,427,Sleepless,Peter Wolf,2002-01-01,6XZwHDglhO4A0C5Pa4xO4Q,6XZwHDglhO4A0C5Pa4xO4Q
436,429,Another Green World,Brian Eno,1975-01-01,6uoeezh45SYEb8lcT8gDTY,6uoeezh45SYEb8lcT8gDTY
437,430,Vampire Weekend,Vampire Weekend,2007-01-01,7n8NJkGKAl2np1bXiRn0CY,7n8NJkGKAl2np1bXiRn0CY
438,431,Stories From the City Stories From the Sea,PJ Harvey,2000-01-01,0hBWhJEmVyNPG2Jq71CJXz,0hBWhJEmVyNPG2Jq71CJXz
439,432,Here Come the Warm Jets,Brian Eno,1973-01-01,74jn28Kr29iyh8eZXSvnwi,74jn28Kr29iyh8eZXSvnwi
440,433,All Things Must Pass,George Harrison,1970-01-01,7j7lsExGJtBHLgDYzjclwk,7j7lsExGJtBHLgDYzjclwk
441,434,1 Record,Big Star,1972-01-01,1BumwwIEw1EC3xAHyf1ive,1BumwwIEw1EC3xAHyf1ive
442,435,In Utero,Nirvana,1993-01-01,6ohX7moZZnF1FwYrli1OJ6,6ohX7moZZnF1FwYrli1OJ6
443,436,Sea Change,Beck,2002-01-01,5ieP11rJQvuYz0Ov3k03cy,5ieP11rJQvuYz0Ov3k03cy
444,437,Tha Carter III,Lil Wayne,2008-01-01,5BGzOpea6At0Nd7tYtYZOP,5BGzOpea6At0Nd7tYtYZOP
446,439,Live at the Harlem Square Club 1963,Sam Cooke,1985-01-01,3nTXqOEHr6AfTb1WSaB4Pm,3nTXqOEHr6AfTb1WSaB4Pm
447,440,Rum Sodomy  the Lash,The Pogues,1985-01-01,2wRH4pcI8TIQFCK1MeByWO,2wRH4pcI8TIQFCK1MeByWO
448,441,Suicide,Suicide,1977-01-01,6Ai24Lo0hWZXWl6xwwgx4k,6Ai24Lo0hWZXWl6xwwgx4k
449,442,Q Are We Not Men A We Are Devo,DEVO,1978-01-01,1u2Qni8cVRptDTaA00fmBC,1u2Qni8cVRptDTaA00fmBC
450,443,In Color,Cheap Trick,1977-01-01,2sXJQdHykPYcRQ7xFhwzMR,2sXJQdHykPYcRQ7xFhwzMR
451,444,The World Is a Ghetto,War,1972-01-01,4UZmpGH8kpAgyZ2yqQ8sP9,4UZmpGH8kpAgyZ2yqQ8sP9
452,445,Fly Like an Eagle,Steve Miller Band,1976-01-01,0fjJOLqG3v7vXRYhz2wxPC,0fjJOLqG3v7vXRYhz2wxPC
453,446,Back in the USA,MC5,1970-01-01,67NkpPGMcxoIiumOW3oRpL,67NkpPGMcxoIiumOW3oRpL
455,448,Synchronicity,The Police,1983-01-01,5W9OT0a5iZlBr83a9WMKFY,5W9OT0a5iZlBr83a9WMKFY
457,450,For Everyman,Jackson Browne,1973-01-01,12X80pgkHSjMDgAAS0HBdr,12X80pgkHSjMDgAAS0HBdr
458,451,Back to Black,Amy Winehouse,2006-01-01,0E4xv5gPjykrwBgBZzI8XG,0E4xv5gPjykrwBgBZzI8XG
459,452,John Prine,John Prine,1971-01-01,5t4FHrIAHI8nolSAOBRgPp,5t4FHrIAHI8nolSAOBRgPp
460,453,Strictly Business,EPMD,1987-01-01,2HOl8gDiGGpt7wsIDi9jy5,2HOl8gDiGGpt7wsIDi9jy5
461,454,Love It to Death,Alice Cooper,1971-01-01,6p7jHbG5Bd6z2JgfKx0um7,6p7jHbG5Bd6z2JgfKx0um7
462,455,How Will the Wolf Survive,Los Lobos,1984-01-01,5dl01XDIMXrmjJ22obqfhQ,5dl01XDIMXrmjJ22obqfhQ
463,456,Here My Dear,Marvin Gaye,1978-01-01,1iVf41qWHZsAk9DwY43WnV,1iVf41qWHZsAk9DwY43WnV
464,457,Z,My Morning Jacket,2005-01-01,1UgdV58y1OX2oiTBbTFvlh,1UgdV58y1OX2oiTBbTFvlh
465,458,Tumbleweed Connection,Elton John,1970-01-01,03zfU3IwWmymKoaWnwFNaY,03zfU3IwWmymKoaWnwFNaY
466,459,The Drifters Golden Hits,The Drifters,1968-01-01,4PfgUTGoURqbID40xeSIRP,4PfgUTGoURqbID40xeSIRP
467,460,Live Through This,Hole,1994-01-01,2Rwf2nPYZQ9aIe4QXACTC7,2Rwf2nPYZQ9aIe4QXACTC7
469,462,Document,REM,1987-01-01,6gMv3MgFlieOM6Uz5GZBzy,6gMv3MgFlieOM6Uz5GZBzy
470,463,Heaven Up Here,Echo and The Bunnymen,1981-01-01,29rkfL25uKOkVOhyr1CmXJ,29rkfL25uKOkVOhyr1CmXJ
471,464,Hysteria,Def Leppard,1987-01-01,31oeDyCOLhgeZyktfxo0pE,31oeDyCOLhgeZyktfxo0pE
472,465,69 Love Songs,The Magnetic Fields,1999-01-01,2GuROKcqyHdpIDcgxml1C7,2GuROKcqyHdpIDcgxml1C7
473,466,A Rush of Blood to the Head,Coldplay,2002-01-01,0RHX9XECH8IVI3LNgWDpmQ,0RHX9XECH8IVI3LNgWDpmQ
474,467,Tunnel of Love,Bruce Springsteen,1987-01-01,5Qcef60m4gcckV24PmPYVq,5Qcef60m4gcckV24PmPYVq
475,468,The Paul Butterfield Blues Band,The Paul Butterfield Blues Band,1965-01-01,785WNIAl2zC3OZ6XHjFaIG,785WNIAl2zC3OZ6XHjFaIG
476,469,The Score,Fugees,1996-01-01,18XFe4CPBgVezXkxZP6rTb,18XFe4CPBgVezXkxZP6rTb
477,470,Radio,LL Cool J,1985-01-01,4sevefzBUFvJYAzijVBQ2a,4sevefzBUFvJYAzijVBQ2a
478,471,I Want to See the Bright Lights Tonight,Richard  Linda Thompson,1974-01-01,1K1Qdd60pW48wEgWGQLeRt,1K1Qdd60pW48wEgWGQLeRt
479,472,Faith,George Michael,1987-01-01,34K1Kvskt9arWy8E1Gz3Lw,34K1Kvskt9arWy8E1Gz3Lw
480,473,The Smiths,The Smiths,1984-01-01,6cI1XoZsOhkyrCwtuI70CN,6cI1XoZsOhkyrCwtuI70CN
481,474,Proxima estacion Esperanza,Manu Chao,2001-01-01,4t1LLdXiWTfoywqricztFo,4t1LLdXiWTfoywqricztFo
482,475,Armed Forces,Elvis Costello  The Attractions,1979-01-01,5w3q6GZbw0gsAtvl1c0rmu,5w3q6GZbw0gsAtvl1c0rmu
483,476,Life After Death,The Notorious BIG,1997-01-01,7dRdaGSxgcBdJnrOviQRuB,7dRdaGSxgcBdJnrOviQRuB
484,477,Down Every Road,Merle Haggard,1996-01-01,40Wi0Ej08sw9B4URIOabOI,40Wi0Ej08sw9B4URIOabOI
485,478,All Time Greatest Hits,Loretta Lynn,2002-01-01,1xszIYZw0waqfnGk6le7hg,1xszIYZw0waqfnGk6le7hg
486,479,Maggot Brain,Funkadelic,1971-01-01,3ywVzrwMQ3Kq43N9zBdBQm,3ywVzrwMQ3Kq43N9zBdBQm
487,480,Only Built 4 Cuban Linx,Raekwon,1995-01-01,7btiyhWzUfzxN3ijSiBpC8,7btiyhWzUfzxN3ijSiBpC8
489,482,Guitar Town,Steve Earle,1986-01-01,3bEnaGjQRqfoqNkAQtO1Uy,3bEnaGjQRqfoqNkAQtO1Uy
490,483,Entertainment,Gang of Four,1979-01-01,7LMOo068Ndv0wjTGUDtYqK,7LMOo068Ndv0wjTGUDtYqK
491,484,All the Young Dudes,Mott the Hoople,1972-01-01,3LdlOZcV0dp7ePBXe2KAGa,3LdlOZcV0dp7ePBXe2KAGa
492,485,Vitalogy,Pearl Jam,1994-01-01,5pd9B3KQWKshHw4lnsSLNy,5pd9B3KQWKshHw4lnsSLNy
494,487,Shes So Unusual,Cyndi Lauper,1983-01-01,1FvdZ1oizXwF9bxogujoF0,1FvdZ1oizXwF9bxogujoF0
495,488,New Day Rising,Husker Du,1985-01-01,2eOu9QDLP2MoO04ZtII2Vm,2eOu9QDLP2MoO04ZtII2Vm
496,489,Destroyer,KISS,1976-01-01,59plsPcJYFlSA5ImekNQJ0,59plsPcJYFlSA5ImekNQJ0
497,490,Tres hombres,ZZ Top,1973-01-01,0Em8m9kRctyH9S3MTXAHvY,0Em8m9kRctyH9S3MTXAHvY
498,491,Born Under a Bad Sign,Albert King,1967-01-01,0Ez9S8Dhzr1fa6ZCkcIJiR,0Ez9S8Dhzr1fa6ZCkcIJiR
499,492,Touch,Eurythmics,1983-01-01,4pGwe5BW8GVtIP8ruoa1jB,4pGwe5BW8GVtIP8ruoa1jB
500,493,Yankee Hotel Foxtrot,Wilco,2002-01-01,6PanEvuo9ZNvGT39v50xp6,6PanEvuo9ZNvGT39v50xp6
501,494,Oracular Spectacular,MGMT,2007-01-01,6mm1Skz3JE6AXneya9Nyiv,6mm1Skz3JE6AXneya9Nyiv
502,495,Give It Up,Bonnie Raitt,1972-01-01,6ry5iI1ik4H2DvoiWhluYh,6ry5iI1ik4H2DvoiWhluYh
503,496,Boz Scaggs,Boz Scaggs,1969-01-01,3urpKmhg4HyYuEmODNdTdo,3urpKmhg4HyYuEmODNdTdo
504,497,White Blood Cells,The White Stripes,2001-01-01,6Xvc1TfpVEhDeHhmTQEtp0,6Xvc1TfpVEhDeHhmTQEtp0
505,498,The Stone Roses,The Stone Roses,1989-01-01,0um9FI6BLBldL5POP4D4Cw,0um9FI6BLBldL5POP4D4Cw
506,499,Live in Cook County Jail,BB King,1971-01-01,3mCS3cMduOlki845XA4gDZ,3mCS3cMduOlki845XA4gDZ
507,500,Aquemini,OutKast,1998-01-01,5ceB3rxgXqIRpsOvVzTG28,5ceB3rxgXqIRpsOvVzTG28
