sp_albumid,sp_albumname,sp_releasedate,sp_totaltracks,artists_sp_artistid
6QaVfG1pHYl1z15ZxkvVDW,Sgt. Pepper's Lonely Hearts Club Band (Remastered),1967-06-01,13,3WrFJ7ztbogyGnTHbHJFl2
6GphKx2QAPRoVGWE9D7ou8,Pet Sounds (Original Mono & Stereo Mix),1966-06-16,27,3oDbviiivRWhXwIE8hxkVV
3PRoXYsngSwjEQWR5PsHWR,Revolver (Remastered),1966-08-05,14,3WrFJ7ztbogyGnTHbHJFl2
6YabPKtZAjxwyWbuO9p4ZD,Highway 61 Revisited,1965-08-30,9,74ASZWbe4lXaubB36ztrGX
50o7kf2wLwVmOTVYJOTplm,Rubber Soul (Remastered),1965-12-03,14,3WrFJ7ztbogyGnTHbHJFl2
7qD9oSiS3xFJsw2oSV2akp,What’s Going On: The Detroit Mix,2021-01-22,9,3koiLjNrgRTNbOwViDipeA
5U4dnRZsfW8NmwBBkELFPh,Exile On Main Street (2010 Re-Mastered),1972-05-12,18,22bE4uQ6baNwSHPVcDxLCe
6FCzvataOZh68j8OKzOt9a,London Calling (Remastered),1979,19,3RGLhK1IP9jnYFH4BRFJBS
4NP1rhnsPdYpnyJP0p0k0L,Blonde On Blonde,1966-06-20,14,74ASZWbe4lXaubB36ztrGX
6126O4XLYAfzU3961ziahP,The Beatles 1962 - 1966 (Remastered),1973-04-01,26,3WrFJ7ztbogyGnTHbHJFl2
4sb0eMpDn3upAFfyi4q2rw,Kind Of Blue (Legacy Edition),1959-08-17,21,0kbYTNQb4Pb1rPbbaF0pT4
4xwx0x7k6c5VuThz5qVqmV,The Velvet Underground & Nico 45th Anniversary,1967-03-12,11,1nJvji2KIlWSseXRSlNYsC
0ETFjACtuP2ADo6LFhL6HN,Abbey Road (Remastered),1969-09-26,17,3WrFJ7ztbogyGnTHbHJFl2
4WD4pslu83FF6oMa1e19mF,Blood On The Tracks,1975-01-17,10,74ASZWbe4lXaubB36ztrGX
2guirTSEqLizK7j9i1MTTZ,Nevermind (Remastered),1991-09-26,13,6olE6TJLqED3rqDCT0FyPh
43YIoHKSrEw2GJsWmhZIpu,Born To Run,1975-08-25,8,3eqjTLE0HfPfh78zjh6TqT
4pG3bKkbmReDt5QTDn3JDz,Astral Weeks,1968-11-01,8,44NX2ffIYHr6D4n7RaZF7A
1C2h7mLntPSeVYciMRTF4a,Thriller 25 Super Deluxe Edition,2008-02-08,30,3fMbdgg4jU18AjLCKBhRSm
4hQtcgvaybCqBsTrfiL1jC,The Great Twenty-Eight,1982-01-01,28,293zczrfYafIItmnmM3coR
6QwHn86Rw53qli3Y6b41Rd,The Complete Recordings,1990,41,0f8MDDzIc6M4uH1xH0o0gy
5jgI8Eminx9MmLBontDWq8,Innervisions,1973-08-03,9,7guDJrEfX3qb6FEbdPA5qi
0B6BbyElOe4bwziJrunOTe,"James Brown Live At The Apollo, 1962",1963-05-01,11,7GaxyUddsPok8BuhxN6OUW
0BwWUstDMUbgq2NYONRqlu,Rumours (Super Deluxe),1977-02-04,58,08GQAI4eElDnROBrJRGE0X
5y6wlw1LnqFnQFruMeiwGU,The Joshua Tree (Super Deluxe),1987-03-03,49,51Blml2LZPmy7TTiAg47vQ
4uehIELOvaBf8ZbhQGrhkd,Who’s Next : Life House (Super Deluxe),2023-09-15,109,67ea9eGLXYMsO2eYQRui3w
44Ig8dzqOkvkGDzaUof9lK,Led Zeppelin IV (Deluxe Edition),1971-11-08,16,36QJpDe2go2KgaRleHCDTp
1lPoRKSgZHQAYXxzBsOQ7v,Bringing It All Back Home,1965-03-22,11,74ASZWbe4lXaubB36ztrGX
4l4u9e9jSbotSXNjYfOugy,Let It Bleed,1969-12-05,9,22bE4uQ6baNwSHPVcDxLCe
5uYDAwW0SZgcfOFkxrST64,Ramones (40th Anniversary Deluxe Edition; 2016 Remaster),1976-04-23,78,1co4F2pPNH8JjTutZkmgSm
0ky5kdvfPxSmSpj03hpSAE,Music From Big Pink (Remastered),1968-07-01,11,4vpDg7Y7fU982Ds30zawDA
48D1hRORqJq52qsnUYZX56,The Rise and Fall of Ziggy Stardust and the Spiders from Mars (2012 Remaster),1972-06-06,11,0oSGxfWSnnOXhD2fKuz2Gy
12n11cgnpjXKLeqrnIERoS,Tapestry,1971,12,319yZVtYM9MBGqmSQnMyY6
2widuo17g5CEC66IbzveRu,Hotel California (2013 Remaster),1976-12-08,9,0ECwFtbIWEVNwjlrfc6xoL
3KzAvEXcqJKBF97HrXwlgf,Please Please Me (Remastered),1963-03-22,14,3WrFJ7ztbogyGnTHbHJFl2
2amHBpP8C0EUy6yBNy6nN6,Forever Changes (2015 Remaster),1967,11,3Q6OOkfssqoMSTtl11J5Uk
5fxYu3rqjCNTSPKN8mtEl2,"Never Mind The Bollocks, Here's The Sex Pistols",1977-10-27,12,1u7kkVrr14iBvrpYnZILJR
1jWmEhn3ggaL6isoyLfwBn,The Doors,1967-01-04,11,22WZ7M8sxp5THdruNY3gXt
4LH4d3cOWNNsVw41Gqt2kv,The Dark Side of the Moon,1973-03-01,10,0k17h0D3J5VfsdmQ1iZtE9
7xg7u99lilTCPbaRfnYuy6,Horses (Legacy Edition),1975,18,0vYkHhJ48Bs3jWcvZXvOrP
5oO05Fs4JZ55rclkC8eqcy,"Best of Lew Stone & The Monseigneur Band, 1932-34",1998-01-01,23,6RCm4Wmrl2T6hgrB5qiA7p
4jKeipwuUTjlx9USNYdhZn,Legend - The Best Of Bob Marley And The Wailers,2002-01-01,16,2QsynagSdAqZj3U9HgDzjD
7Eoz7hJvaX1eFkbpQxC5PA,A Love Supreme,1965-02,4,2hGh5VOeeqimQFxqXvfCUf
3PxXiYU3PjymOEE22PewGZ,It Takes A Nation Of Millions To Hold Us Back (Deluxe Edition),1988-06-28,29,6Mo9PoU6svvhgEum7wh2Nd
0JwHz5SSvpYWuuCNbtYZoV,Bridge Over Troubled Water,1970-01-26,11,70cRZdQywnSFp9pnc2WTCE
6W0V8B0fJItvOwC8v114rZ,Greatest Hits,1975-05-29,10,3dkbV4qihUeMsqN4vBGg93
3RPMCDSd1yj37hlqbizmeT,The Birth of Soul,1991-09-24,53,1eYhYunlNJlDoQhtYBvPsi
3X3rFfVKCW58sKMO0UXkwO,The Essential Elvis Presley,2007,40,43ZHCT0cAZBISjO8DG9PnE
6YUCc2RiXcEKS9ibuZxjt0,Songs In The Key Of Life,1976-09-28,21,7guDJrEfX3qb6FEbdPA5qi
6OHri5qNxwCdVSdyCslspd,Beggars Banquet (50th Anniversary Edition),1968-12-06,10,22bE4uQ6baNwSHPVcDxLCe
0UM9SydcBtsklCTFgGLvcT,Greatest Hits,1970-11-21,12,5m8H6zSadhu1j9Yi04VLqD
28yHV3Gdg30AiB8h8em1eW,Appetite For Destruction,1987-07-21,12,3qm84nBOXUEQ2vnTfUTTFC
0ta5VdkJcpdVnNrn7g4cZe,Achtung Baby (Deluxe Edition),1991-11-18,26,51Blml2LZPmy7TTiAg47vQ
29m6DinzdaD0OPqWKGyMdz,Sticky Fingers (Remastered),1971-04-23,10,22bE4uQ6baNwSHPVcDxLCe
5PfnCqRbdfIDMb1x3MPQam,Moondance,1970-02,10,44NX2ffIYHr6D4n7RaZF7A
6GjwtEZcfenmOf6l18N7T7,Kid A,2000-10-02,11,4Z8W4fKeB5YxbusRsdQVPb
2ZytN2cY4Zjrr9ukb2rqTP,Off the Wall,1979-08-10,10,3fMbdgg4jU18AjLCKBhRSm
44Ig8dzqOkvkGDzaUof9lK,Led Zeppelin IV (Deluxe Edition),1971-11-08,16,36QJpDe2go2KgaRleHCDTp
1Mhn9VosyjtWn4dMPFlna6,The Stranger (Legacy Edition),1977,21,6zFYqv1mOsgBRQbae3JJ9e
6WgGWYw6XXQyLTsWt7tXky,Graceland (25th Anniversary Deluxe Edition),1986-08-12,17,2CvCyf1gEVhI0mX6aFXmVI
5QuvlU7nCUZZJauMvhlWR4,Superfly: Deluxe 25th Anniversary Edition,1972-07-01,23,2AV6XDIs32ofIJhkkDevjm
26tH0kjUhkxBEd3ipGkx3Y,Physical Graffiti (Deluxe Edition),1975-02-24,22,36QJpDe2go2KgaRleHCDTp
2yuTyv0L51qvYuI5RIktlA,Star Time,1991-01-01,71,7GaxyUddsPok8BuhxN6OUW
6mUdeDZCsExyJLMdAfDuwh,Back In Black,1980-07-25,10,711MCceyCBcFnzjGY4Q7Un
68BCjMsHX4Gf11BJSkjwGz,Otis Blue: Otis Redding Sings Soul (Collector's Edition),1965-09-15,40,60df5JBRRPcnSpsIMxxwQm
6P5QHz4XtxOmS5EuiGIPut,Led Zeppelin III (Remaster),1970,10,36QJpDe2go2KgaRleHCDTp
0xzaemKucrJpYhyl7TltAk,Imagine,1971-09-09,10,4x1nvY2FN8jxqAFA0DA02H
49kzgMsxHU5CTeb2XmFHjo,The Clash (Remastered),1977,14,3RGLhK1IP9jnYFH4BRFJBS
5WndWfzGwCkHzAbQXVkg2V,I Never Loved a Man the Way I Love You,1967-03-10,14,7nwUJBm0HE4ZxD3f5cy5ok
7lEOKZaOpqP70UYqdLPejG,Lady Soul (With Bonus Selections),1968-01-22,14,7nwUJBm0HE4ZxD3f5cy5ok
0PMasrHdpaoIRuHuhHp72O,Born In The U.S.A.,1984-06-04,12,3eqjTLE0HfPfh78zjh6TqT
5Dbax7G8SWrP9xyzkOvy2F,The Wall,1979-11-30,26,0k17h0D3J5VfsdmQ1iZtE9
4TJIdlY9hGSSTO1kUs1neh,At Folsom Prison,1968-05-01,16,6kACVPfCOnqzgfEF5ryl0x
6SNMenG3NjZyqgI5p4Hcmg,Dusty In Memphis [Deluxe Edition],1969-03-31,25,5zaXYwewAXedKNCff45U5l
3PResMqFgQYBfzTnqTKwQw,Talking Book,1972-10-28,10,7guDJrEfX3qb6FEbdPA5qi
5WupqgR68HfuHt3BMJtgun,Goodbye Yellow Brick Road (Remastered),1973-10-05,17,3PhoLpVuITZKcymswpck5b
2MwhKwYfaGXfCMNKJQr6VA,20 Golden Greats: Buddy Holly Lives,1974,20,3wYyutjgII8LJVVOLrGI0D
6zIYEv6soMoaZiypsHB5dd,40 Greatest Hits,1978-01-01,40,1FClsNYBUoNFtGgzeG74dW
3Q0zkOZEOC855ErOOJ1AdO,Bitches Brew,1970-04,7,0kbYTNQb4Pb1rPbbaF0pT4
5cT7ee1sy2oEbFalP4asS4,Tommy,1969-05-23,24,67ea9eGLXYMsO2eYQRui3w
0o1uFxZ1VTviqvNaYkTJek,The Freewheelin' Bob Dylan,1963-05-27,13,74ASZWbe4lXaubB36ztrGX
6XqM4NINcx3oc7NhOUKxXp,Odessey and Oracle,1968,12,2jgPkn6LuUazBoBk6vvjh5
3GmwKB1tgPZgXeRJZSm9WX,In The Wee Small Hours,1955,16,1Mxqyy3pSjf8kZZL4QVxS0
6iyKqDoL9pRSHUsDBYemlB,Fresh Cream,1966-12-09,11,74oJ4qxwOZvX6oSsu1DGnw
7MBQWjukLxXZYvQ8vzEH7t,Giant Steps (Mono),1960,7,2hGh5VOeeqimQFxqXvfCUf
1HiG0ukRmFPN13EVcf98Jx,Sweet Baby James (2019 Remaster),1970-02-01,11,0vn7UBvSQECKJm2817Yf1P
4j4w5DDWMKD7ePStAl19OF,"Modern Sounds in Country and Western Music, Vols 1 & 2",2009-06-02,24,1eYhYunlNJlDoQhtYBvPsi
7Jb0VtDTacuQdXM3pYyrbv,Rocket to Russia (40th Anniversary Deluxe Edition),1977-11-04,77,1co4F2pPNH8JjTutZkmgSm
4jiO2jRz7g50ESvYYKsKwZ,30 Greatest Hits: Portrait of a Legend 1951-1964,2003-06-17,31,6hnWRPzGGKiapVX1UCdEAC
6fQElzBNTiEMGdIeY0hy5l,Hunky Dory (2015 Remaster),1971-12-17,11,0oSGxfWSnnOXhD2fKuz2Gy
72qrnM4yUNMDDlWiqKc8iY,Aftermath,1966-04-15,11,22bE4uQ6baNwSHPVcDxLCe
2ny1rPsLOoKNFZhMLubMrs,Loaded: Re-Loaded 45th Anniversary Edition,1970,75,1nJvji2KIlWSseXRSlNYsC
35UJLpClj5EDrhpNIi4DFg,The Bends,1995-03-13,12,4Z8W4fKeB5YxbusRsdQVPb
76oMr4Y2pOtcrvZLc2ZikF,If You Can Believe Your Eyes & Ears,1966-03,12,1bs7HoMkSyQwcobCpE9KpN
3W6CI0Lw7lElAPID2Fd3B4,Disraeli Gears (Deluxe Edition),1967-11,40,74oJ4qxwOZvX6oSsu1DGnw
2JyNDhGhp0hiizSPuUs0i9,The Who Sell Out (Super Deluxe),2021-04-23,114,67ea9eGLXYMsO2eYQRui3w
2Q5MwpTmtjscaS34mJFXQQ,Out Of Our Heads,1965-07-30,12,22bE4uQ6baNwSHPVcDxLCe
5iIWnMgvSM8uEBwXKsPcXM,Layla And Other Assorted Love Songs (Remastered 2010),1970-11-01,14,2rc78XDH9zuJP6bm78lU8Z
5ll74bqtkcXlKE7wwkMq4g,Late Registration,2005-08-30,21,5K4W6rqBFWDnAN6FQUkS6x
7rd4PorIOPjPTy7qdUeeCt,At Last!,1960,14,0iOVhN3tnSvgDbcg25JoJb
02XyFDfvHfIwtqOC3o0PcK,Sweetheart Of The Rodeo,1968-08-30,19,1PCZpxHJz7WAMF8EEq8bfc
7iwS1r6JHYJe9xpPjzmWqD,Stand,1969-05-03,13,5m8H6zSadhu1j9Yi04VLqD
4pNKVvqlhP4PYa7pedAAx7,"The Harder They Come, Pt. 1 (Invasion Tactics)",2002-02-11,6,0LyfQWJT6nXafLPZqxe9Of
7AFsTiojVaB2I58oZ1tMRg,Raising Hell,1986-05-15,12,3CQIn7N5CuRDP8wEI7FiDA
5MTUjDTUWFuyhWW7oRqqmi,Moby Grape (with Bonus Tracks),1967,18,0NHSh9S0VQiFfsEFbvhRXN
3j7nicLAWXM0Fb08q9XGyf,Pearl (Legacy Edition),1971-01-11,29,4NgfOZCL9Ml67xzM0xzIvC
39kLAVdcgW7jbMcTEaY2qy,Catch A Fire,1973-04-13,20,2QsynagSdAqZj3U9HgDzjD
33puYJ2y5qANDenRmL8BS1,Younger Than Yesterday,1967-02-06,17,1PCZpxHJz7WAMF8EEq8bfc
3AQgdwMNCiN7awXch5fAaG,Remain in Light (Deluxe Version),1980-10-08,12,2x9SpqnPi8rlE9pjHBwmSC
630o1rKTDsLeIPreOY1jqP,Marquee Moon,1977-02-08,8,0S7Zur2g8YhqlzqtlYStli
6r7LZXAVueS5DqdrvXJJK7,Paranoid (Remaster),1970-09-18,8,5M52tdBnJaKSvOpJGz8mfZ
1rmhti8uHw21LnaWMQy608,"The Wild, the Innocent & The E Street Shuffle",1973-09-11,7,3eqjTLE0HfPfh78zjh6TqT
2HTbQ0RHwukKVXAlTmCZP2,Ready to Die (The Remaster),1994-09-13,19,5me0Irg2ANcsgc93uaYrpb
7o14zVcXSRk7clV6QCEdOD,Slanted & Enchanted,1992-04-20,14,3inCNiUr4R6XQ3W43s9Aqi
6TkVuaQnDOO1cmaxT1Uf9o,One Night Only: Live Greatest Hits,2000-01-01,17,3PhoLpVuITZKcymswpck5b
2LJSizYgFPP6gP9O3YDBy1,Tim (Let It Bleed Edition),1985-09-18,65,4WPY0N74T3KUja57xMQTZ3
2V5rhszUpCudPcb01zevOt,The Chronic,1992-12-15,16,6DPYiyq5kWVQS4RGwxzPC7
3OoFKxuziLv3B3NxhEJwOW,Rejuvenation,1974,9,2JRvXPGWiINrnJljNJhG5s
4M6s2jbhKWEcOdXZ8WiHts,Parallel Lines,1978-09-23,12,4tpUmLEVLCGFr93o8hFFIB
7njGz7ZeDXL6cH3VnflcQ2,Live At The Regal,1965,10,5xLSa7l4IV1gsQfhAMvl0U
0Y7qkJVZ06tS2GUCDptzyW,Straight Outta Compton,1988-08-08,13,4EnEZVjo3w1cwcQYePccay
1hOK2ey9W76x9GnftSRgrw,Aja,1977-09-23,7,6P7H3ai06vU1sGvdpBwDmE
6lPb7Eoon6QPbscWbMsk6a,Surrealistic Pillow,1967,17,2qFr8w5sWUITRlzZ9kZotF
5bHkK1X4WEOzNvRhehvOcb,Deja Vu,1970-03-11,10,1CYsQCypByMVgnv17qsSbQ
0GqpoHJREPp0iuXK3HzrHk,Houses of the Holy (Remaster),1973-03-28,8,36QJpDe2go2KgaRleHCDTp
6FbFvnlSfEoNhwz5MdK0Dx,Ultimate Santana,2007-09-25,18,6GI52t8N5F02MxU0g5U69P
4KT6G8fj8EEIfsyr75hbgc,Darkness On the Edge of Town,1978-06-02,10,3eqjTLE0HfPfh78zjh6TqT
6ZB8qaR9JNuS0Q0bG1nbcH,Funeral,2004-06-16,10,3kjuyTCjPG1WMFCiyc5IuB
1p12OAWwudgMqfMzjMvl2a,The Low End Theory,1991-09-24,14,09hVIj6vWgoCDtT03h8ZCa
76MT4lqzC1oSvSYnHHjMam,Moanin' In The Moonlight,1958-03-01,12,0Wxy5Qka8BN9crcFkiAxSR
6AFFu3ilmlEDz1I9ZaNOZw,Pretenders,1980-01-11,26,0GByy3DcfbQwDvXGCWmzv9
1HnxC8MLDciii5LebJ09Ko,Closer (Collector's Edition),1980,21,432R46LaYsJZV2Gmc4jUV5
4UcpKa4yD9AA3iEHI8MFSF,Captain Fantastic And The Brown Dirt Cowboy,1975-05-19,13,3PhoLpVuITZKcymswpck5b
6TRmLIsPKSPS71Cnq8FiMc,Alive!,1975-09-10,16,07XSN3sPlIlB2L2XNcTwJw
6k1iylSzWOs7SgavxlJ8kt,Electric Warrior [Expanded & Remastered],1971-09-24,18,3dBVyJ7JuOMt4GE9607Qin
03HMOcANauhLD0WNrMkmLU,The Dock of the Bay (Mono),1968,11,60df5JBRRPcnSpsIMxxwQm
6dVIqQ8qmQ5GBnJ9shOYGE,OK Computer,1997-05-28,12,4Z8W4fKeB5YxbusRsdQVPb
34MHuXONazzgSxI0cThpAg,1999,1982-10-27,11,5a2EaR3hamoenG9rDuVn8j
1pK8MLyjgvt8pNVkQCBnSg,Imperial Bedroom,1982,15,4qmHkMxr6pTWh5Zo74odpH
7CGhx630DIjdJqaBDVKc5j,Master of Puppets (Remastered Deluxe Box Set),1986-03-03,137,2ye2Wgw4gimLv2eAKyk1NB
1aucGNKimhgARC7iO2xLt2,My Aim Is True,1977-07-22,13,2BGRfQgtzikz1pzAD0kaEn
2mBbV0Ad6B4ydHMZlzAY7S,Exodus,1977-06-03,12,2QsynagSdAqZj3U9HgDzjD
6W3aTLI4B5UsPpWMvhT2W4,Live At Leeds (Expanded Edition),1970-05-16,14,67ea9eGLXYMsO2eYQRui3w
5UI2X5VAmgu9xrlXDd5U7B,The Notorious Byrd Brothers,1968-01-15,17,1PCZpxHJz7WAMF8EEq8bfc
4VykjLwkyfKMZVLrJJVrYh,Every Picture Tells A Story,1971-05-18,8,2y8Jo9CKhJvtfeKOsYzRdT
3fRCOoTbBsOITBWlCRCJQr,Something / Anything?,1972,25,0Lpr5wXzWLtDWm1SjNbpPb
1T8usYsiGEMPMQOLFgJEbE,Desire,1976-01-16,9,74ASZWbe4lXaubB36ztrGX
1CsuCA05y9r7ftG9bGGtWV,Close To You,1970,12,1eEfMU2AhEo7XnKgL7c304
4ldiyfqRvKiIasHHuDftuP,Rocks,1976-05-14,9,7Ey4PD4MYsKc5I2dolUwbH
592dKHbXtiglWyt8AEet23,"The Rolling Stones, Now!",1965-02-13,12,22bE4uQ6baNwSHPVcDxLCe
1d8lF3nZpEIFeEbWmAt9Ey,Natty Dread,1974,10,2QsynagSdAqZj3U9HgDzjD
5VIQ3VaAoRKOEpJ0fewdvo,Fleetwood Mac,1975-07-11,11,08GQAI4eElDnROBrJRGE0X
5aEtg4dxdBk4pj6SJ3hNsM,Red Headed Stranger,1975-05-01,15,5W5bDNCqJ1jbCgTxDD0Cb3
5MzwGwnO9gkh0z6Nl4FF8h,The Immaculate Collection,1990-11-09,17,6tbjWDEIzxoDsBA1FuhfPW
0Z1Y5L90NjqUD351YUQWdA,The Stooges,1969-01-01,26,4BFMTELQyWJU1SwqcXMBm3
5Mtnj5JyvyXR6ui377dBnD,Fresh,1973-06-30,16,5m8H6zSadhu1j9Yi04VLqD
1vJ8rCzq6BJtKGz9Yf6oT3,So (25th Anniversary Deluxe Edition),1986-05-19,25,7C4sUpWGlTy7IANjruj02I
7hez8jibf36E66GHpFkWz7,Buffalo Springfield Again,1967-10-30,10,3eskO5m0H4yiF64vRySBjr
7d9IZA5hVMlRqkRszYt66r,Happy Trails,1969,10,7DCnwoFMqGN6eZULdcLZeL
3ekkFrfotMsEAKc5g71GHk,From Elvis in Memphis,1969-06-17,16,43ZHCT0cAZBISjO8DG9PnE
3FTcomSFg2zWSqWLRgBYpv,Fun House (Deluxe Edition),1970,21,4BFMTELQyWJU1SwqcXMBm3
6VWKy5o2OcdeWa7yolazjU,The Gilded Palace Of Sin,1969-02-06,11,0rESpKEusFHxhW59MIf7eM
4uG8q3GPuWHQlRbswMIRS6,Dookie,1994-02-01,15,7oPftvlwr6VrsViSDV7fJY
5SqbMEyAt8332ISGiLX0St,Transformer,1972-12-01,11,42TFhl7WlMRXiNqzSrnzPL
4Mw9Gcu1LT7JaipXdwrq1Q,Murmur,1983-01-01,12,4KWTAlx2RvbpseOGMEmROg
2yIkYQJevVxZADVieZX1Bx,The Best Of Little Walter,1957-01-07,12,22JuR9OeENcP54XN5TlNWS
2k8KgmDp9oHrmu0MIj4XDE,Is This It,2001-07-30,11,0epOFNiUfyON9EYx7Tpr6V
10v912xgTZbjAtYfyKWJCS,Highway to Hell,1979-07-27,10,711MCceyCBcFnzjGY4Q7Un
3nJnyDV8fwFpffo0EyHQto,The Downward Spiral,1994-03-08,14,0X380XXQSNBYuleKzav5UO
1sh32o99zA04PJIUJUpEj7,"Parsley, Sage, Rosemary And Thyme",1966-10-10,12,70cRZdQywnSFp9pnc2WTCE
24TAupSNVWSAHL0R7n71vm,Bad 25th Anniversary,2012-09-18,24,3fMbdgg4jU18AjLCKBhRSm
6y2WHyqRUCeHrjMXvjnRmD,Modern Times,2006-08-29,10,74ASZWbe4lXaubB36ztrGX
0zrtTZC7yY2TOEhnbJzSb9,Wheels Of Fire,1968-07-01,13,74oJ4qxwOZvX6oSsu1DGnw
4JsSbaggaprB1AfDylXnxO,Dirty Mind,1980-10-08,8,5a2EaR3hamoenG9rDuVn8j
1CHUXwuge9A7L2KiA3vnR6,Abraxas,1970-09-23,9,6GI52t8N5F02MxU0g5U69P
44VxbAytHpVi3Rq8hRhild,Tea For The Tillerman (Remastered 2020),1970-11-23,11,08F3Y3SctIlsOEmKd6dnH8
5B4PYA7wNN4WdEXdIJu58a,Ten,1991-08-27,11,1w5Kfo2jwwIPruYS2UWh56
0bCAjiUamIFqKJsekOYuRw,Wish You Were Here,1975-09-12,5,0k17h0D3J5VfsdmQ1iZtE9
1XFNz6KIvLyIsLFOiLRKqP,"Crooked Rain, Crooked Rain",1994-02-14,12,3inCNiUr4R6XQ3W43s9Aqi
15XNBzVWARPMlu0sEbfBjJ,Tattoo You (2009 Re-Mastered),1981-08-24,11,22bE4uQ6baNwSHPVcDxLCe
2UCdfQEDgzWtbzpaD4Mo47,Proud Mary: The Best Of Ike & Tina Turner,1991-01-01,23,1ZikppG9dPedbIgMfnfx8k
2xbTV0Awe4Qm5caUVuPbMr,New York Dolls,1973-01-01,11,0WhGV9lzljq2QKJ8ipw6jx
71lvfHjjLerIFN8ZNSrqIe,Go Bo Diddley,1959-07-01,12,2bmixwMZXlkl2sbIbOfviq
5Y0p2XCgRRIjna91aQE8q7,The Queen Is Dead,1986-06-16,10,3yY2gUcIsjMr8hjo51PoJ8
11oR0ZuqB3ucZwb5TGbZxb,Licensed To Ill,1986-11-15,13,03r4iKL2g2442PT9n2UKsx
6mGpQtwteyjKS4Up9tXuND,Look-Ka Py Py,1970,12,2JRvXPGWiINrnJljNJhG5s
3GH4IiI6jQAIvnHVdb5FB6,Loveless,1991-11-04,11,3G3Gdm0ZRAOxLrbyjfhii5
4vQc378UGRZAaJemArhMpv,New Orleans Piano (Mono),1972,13,2RyY5yFlJh6jIPfMDhHgyD
6GaqU0TlYBKHUiSJ0AT9A2,War (Remastered),1983-02-28,10,51Blml2LZPmy7TTiAg47vQ
1HikHsp85mIbnhhxj8X1u1,20th Century Masters: The Millennium Collection: Best of Neil Diamond,1999-03-09,11,7mEIug7XUlQHikrFxjTWes
5dN7F9DV0Qg1XRdIgW8rke,American Idiot,2004-09-21,9,7oPftvlwr6VrsViSDV7fJY
6yskFQZNlLYhkchAxELHi6,Nebraska,1982-09-30,10,3eqjTLE0HfPfh78zjh6TqT
0DQyTVcDhK9wm0f6RaErWO,Doolittle,1989-04-17,15,6zvul52xwTWzilBZl6BUbT
3miZDfDnP7SmOXAJXWdFmz,Paid In Full,1987-07-07,12,6jHG1YQkqgojdEzerwvrVv
6As5aOEQjfxLIChIB3fQRD,Toys In The Attic,1975-04-08,9,7Ey4PD4MYsKc5I2dolUwbH
6wxpS5o0ty5CLqyH5fIRln,Nick Of Time,1989,11,4KDyYWR7IpxZ7xrdYbKrqY
6X9k3hSsvQck2OfKYdBbXr,A Night At The Opera (Deluxe Remastered Version),1975-11-21,18,1dfeR4HaWDbWqFHLkxsg1d
5lWh5YPOOuvdlSn5hLDn02,The Kink Kronikles,1972-04-10,28,1SQRv42e4PjEYfPhS0Tk9E
0pkrqPjeq9K5KD0hFqAKNa,Mr. Tambourine Man,1965-06-21,18,1PCZpxHJz7WAMF8EEq8bfc
3bzgbgiytguTDnwzflAZr2,Bookends,1968-04-03,12,70cRZdQywnSFp9pnc2WTCE
6Oc6Ok1Oawu8lRkjmD4mXy,My Generation (Stereo Version),1965-12-03,30,67ea9eGLXYMsO2eYQRui3w
26TtzBrPdUkHMSTPSbctbl,Howlin' Wolf,1962-01-11,12,0Wxy5Qka8BN9crcFkiAxSR
48AGkmM7iO4jrELRnNZGPV,Like a Prayer,1989-03-21,11,6tbjWDEIzxoDsBA1FuhfPW
6DlSUW5gmq6Byc3osKDJ2p,Can't Buy A Thrill,1972-11-01,10,6P7H3ai06vU1sGvdpBwDmE
4LwFCUyV4wM6SEg84PaLuL,Let It Be (Expanded),1984,17,4WPY0N74T3KUja57xMQTZ3
4ZLy3U2q17Yjw7jkjXPJQj,Black Sabbath (2014 Remaster),1970-02-13,5,5M52tdBnJaKSvOpJGz8mfZ
6t7956yu5zYf5A829XRiHC,The Marshall Mathers LP,2000-05-23,18,7dGJo4pcD2V6oG8kP0tJRR
6qfS5de8GAy1G5tk7tyiof,Freak Out!,1966-06-27,15,3P2gYnypDVi90ZavnaAhfL
2iPH3iUmpa9ufIpwY76keF,The Shape Of Jazz To Come,1959,6,47odibUtrN3lnWx0p0pk2P
0BiNb8HYR4JvuxUa31Z58Q,Automatic For The People,1992-10-05,12,4KWTAlx2RvbpseOGMEmROg
3YPK0bNOuayhmSrs0sIIBR,Reasonable Doubt,1996-06-25,15,3nFkdlSjzX9mRTtwJOzDYB
2de6LD7eOW8zrlorbS28na,Low (2017 Remaster),1977,11,0oSGxfWSnnOXhD2fKuz2Gy
2CUT0104gySOIvqwtXeFsX,The Blueprint 3,2009-09-08,15,3nFkdlSjzX9mRTtwJOzDYB
6YNIEeDWqC09YIWzhoSVLg,The River,1980-10-17,20,3eqjTLE0HfPfh78zjh6TqT
25uNcuL4dAoV62eKmr8Q0Y,Complete & Unbelievable: The Otis Redding Dictionary of Soul,1966-10-15,12,60df5JBRRPcnSpsIMxxwQm
2MH37enG6IPvNK5QFLyKes,Whitney Houston,1985-02-14,10,6XpaIBNiVzIetEPCWDvAFP
0YgkR96bK9JSHcj236W9ZK,The Kinks Are The Village Green Preservation Society (2018 Stereo Remaster),1968-11-22,15,1SQRv42e4PjEYfPhS0Tk9E
1uFp52Q9EXLNA6DTRYnpTj,The Velvet Rope,1997-10-07,23,4qwGe91Bz9K2T8jXTZ815W
38uGoW7jS8jjJMvZA26sRq,Stardust,1978-04-01,10,5W5bDNCqJ1jbCgTxDD0Cb3
2UDDZVesmQwA4aYfa55diS,American Beauty (2013 Remaster),1970-06-01,10,4TMHGUX5WI7OOm53PqSDAT
6vUWpE8qciYHOhf7mgaGny,"Crosby, Stills & Nash",1969-05-29,14,2pdvghEHZJtgSXZ7cvNLou
6hmmX5UP4rIvOpGSaPerV8,Tracy Chapman,1988-04-05,11,7oPgCQqMMXEXrNau5vxYZP
5C5SWfvEGPnbcasiePuPov,Workingman’s Dead (2023 Mickey Hart Mix),2023-06-13,8,4TMHGUX5WI7OOm53PqSDAT
4GFWnwli2cVOBp2G1zqhV1,The Genius Of Ray Charles,1959,12,1eYhYunlNJlDoQhtYBvPsi
0OhNZ7R4dOqtDPLGp0jBAZ,Child Is Father To The Man,1968-02,15,24GaH9tRBgZjlvOhpFuKi2
2miMVTH3qNA49YD2BUaIWK,Quadrophenia (Super Deluxe Edition),1973-10-19,42,67ea9eGLXYMsO2eYQRui3w
7npBPiCHjPj8PVIGPuHXep,Paul Simon,1972-01-14,14,2CvCyf1gEVhI0mX6aFXmVI
0PnzJO3D4i85ALVJPaDpru,Psychocandy,1985-11-18,14,4rjlerN21ygkIhmUv55irs
1Jv2AqzhgsduUik2p4k3cS,Some Girls,1978-06-09,10,22bE4uQ6baNwSHPVcDxLCe
1xPtXzS5yCbDAqC7pxRCaF,The Beach Boys Today! (Remastered),1965-03-08,12,3oDbviiivRWhXwIE8hxkVV
3tshnNFNhHrO6NUQ0BHw42,Dig Me Out (Remastered),1997-04-08,13,4wLIbcoqmqI4WZHDiBxeCB
2NT1Pc0MXlXORHLBkHyKQW,Going To A Go-Go,1965-11-01,12,6TKOZZDd5uV5KnyC5G4MUt
5Zx4eUC5dTg6aufiSLQ6uo,Nightbirds,1974-09-13,10,3DznKagEU8yMQZR9z33Da5
0vE6mttRTBXRe9rKghyr1l,The Slim Shady LP,1999-02-23,20,7dGJo4pcD2V6oG8kP0tJRR
4q1HNSka8CzuLvC8ydcsD2,Mothership Connection,1975-12-15,7,5SMVzTJyKFJ7TUb46DglcH
4OD3LU6001esAtFshDX46M,Rhythm Nation 1814,1989-09-19,20,4qwGe91Bz9K2T8jXTZ815W
3SkGQuWlU5svUrN4gmHs4H,The Harry Smith Connection: A Live Tribute to the Anthology of American Folk Music,1998-08-18,19,0LyfQWJT6nXafLPZqxe9Of
3HZKOk1knxrUU3y5ZIOdbz,Aladdin Sane (2013 Remaster),1973-04-13,10,0oSGxfWSnnOXhD2fKuz2Gy
7gskILm9UyDvFlmmAoqn2g,All That You Can't Leave Behind,2000-01-01,11,51Blml2LZPmy7TTiAg47vQ
1OQ5l5rHKqUumPpn559zJC,My Life,1994-01-01,17,1XkoF8ryArs86LZvFOkbyr
4bi0CKFKviadIaSlkakfN7,Folk Singer (Expanded Edition),1964-04-05,14,4y6J8jwRAwO4dssiSmN91R
4tJPWT4r4FSKwy784Qs1Fq,The Cars,1978-06-06,9,6DCIj8jNaNpBz8e5oKFPtp
7n0bcoRDylRw5PUKn2PlRJ,Music Of My Mind,1972-03-03,9,7guDJrEfX3qb6FEbdPA5qi
3OpKtGldm7NzZVVn1LFlYn,Los Angeles (2019 Remaster),1980-04-26,12,54NqjhP2rT524Mi2GicG4K
4ZaIo647CyWAgow8oxqajh,Anthem of the Sun,1968,5,4TMHGUX5WI7OOm53PqSDAT
1hryVGXoRLV9WAhO97xEDJ,Call Me,1973,9,3dkbV4qihUeMsqN4vBGg93
5eqcF7pWzHgWpGdEmHgeSN,Talking Heads '77 (Deluxe Version),1977-09-16,16,2x9SpqnPi8rlE9pjHBwmSC
0HHmJpwOXXRJu9HI9iQiEO,White Light / White Heat,1968-01-30,6,1nJvji2KIlWSseXRSlNYsC
0kT4F2mSpvTk3stwiaEStp,Kick Out The Jams (Live),1969,8,4WquJweZPIK9qcfVFhTKvf
2Om4oR7plGGub1aYe5uB7B,Songs Of Love And Hate,1971-03-19,8,5l8VQNuIg0turYE1VtM9zV
5DM1qCdgGt2zbknnsVn1Ca,Meat Is Murder,1985-02-11,9,3yY2gUcIsjMr8hjo51PoJ8
4Uv86qWpGTxf7fU7lG5X6F,The College Dropout,2004-02-10,21,5K4W6rqBFWDnAN6FQUkS6x
7pGb2cOGVz6vLyaZaKOQ7D,Master of Reality (2014 Remaster),1971-07-21,8,5M52tdBnJaKSvOpJGz8mfZ
17CT6ru3CyDXAi6xVaSUzg,Coat Of Many Colors,1971,10,32vWCbZh0xZ4o9gkz4PsEU
0aFNb4RDk2hmKKLa0bzXNz,Fear Of A Black Planet,1990-04-10,20,6Mo9PoU6svvhgEum7wh2Nd
2KzCDxKpgLqBffHu1IZ7Kn,John Wesley Harding,1967-12-27,12,74ASZWbe4lXaubB36ztrGX
7yQtjAjhtNi76KRu05XWFS,Grace,1994,11,3nnQpaTvKb5jCQabZefACI
3iC6dJobZulVXp0F4Bojig,Car Wheels On A Gravel Road,1998-01-01,13,60ht0hWRy1yjUDfNsLuHuP
1Pus5h1qGedCn4CtOuPVtp,Odelay,1996-06-18,14,3vbKDsSS70ZX9D2OcvbZmS
4kca7vXd1Wo5GE2DMafvMc,Songs For Swingin' Lovers! (Remastered),1956-03,15,1Mxqyy3pSjf8kZZL4QVxS0
31q47gQszFt0CddSyMksgO,Willy And The Poor Boys (Expanded Edition),1969-11-02,13,3IYUhFvPQItj6xySrBmZkd
30Perjew8HyGkdSmqguYyg,Blood Sugar Sex Magik (Deluxe Edition),1991-09-24,19,0L8ExT028jH3ddEcZwqJJ5
6gpxnJu7mXPcQqjImIAxM5,Sun Records: The 50th Anniversary Collection,2002-07-22,44,0LyfQWJT6nXafLPZqxe9Of
1To7kv722A8SpZF789MZy7,MTV Unplugged In New York,1994-11-01,14,6olE6TJLqED3rqDCT0FyPh
1BZoqf8Zje5nGdwZhOjAtD,The Miseducation of Lauryn Hill,1998-08-25,16,2Mu5NfyYm8n5iTomuKAEHl
708Whrc4abJEtqBINv9S2b,Damn The Torpedoes (Deluxe Edition),1979-10-19,18,4tX2TplrkIP4v05BNC903e
4xwx0x7k6c5VuThz5qVqmV,The Velvet Underground & Nico 45th Anniversary,1967-03-12,11,1nJvji2KIlWSseXRSlNYsC
50j4Wm1b9hLpSpPIA39Vp9,Surfer Rosa,1988-03-21,13,6zvul52xwTWzilBZl6BUbT
5EZMcYc3xK0rlru83kHpUe,Burnin' (Deluxe Edition),1973-10-19,27,2QsynagSdAqZj3U9HgDzjD
1HrMmB5useeZ0F5lHrMvl0,Amnesiac,2001-03-12,11,4Z8W4fKeB5YxbusRsdQVPb
5mwOo1zikswhmfHvtqVSXg,Pink Moon,1972-02-25,11,5c3GLXai8YOMid29ZEuR9y
7ojNQckNp7Tj2BkLJCiiUL,Sail Away (Expanded & Remastered Edition),1972-05-01,17,3HQyFCFFfJO3KKBlUfZsyW
5jkwdY6jS1Hzi8epr6HW7h,Ghost In The Machine (Remastered 2003),1981-10-02,11,5NGO30tJxFlKixkPSgXcFE
0MWrKayUshRuT8maG4ZAOU,Station to Station (2016 Remaster),1976-01-23,6,0oSGxfWSnnOXhD2fKuz2Gy
5MAL7e4EnKXW1hFg6NbFqP,Slowhand 35th Anniversary (Super Deluxe),1977-11-01,27,6PAt558ZEZl0DmdXlnjMgD
6vQB3ZBxnQPP3jQcGV2qzg,Disintegration (Deluxe Edition),1989-05-02,44,7bu3H8JO7d0UbMoVzbo70s
7sCpW2cLGcRk1zf9zi0Yqd,Exile In Guyville (2018 Remaster),1993-06-22,18,2LXeJdQVcFkhkWydphLI74
23O4F21GDWiGd33tFN3ZgI,Daydream Nation (Deluxe Edition),1988-10-04,34,5UqTO8smerMvxHYA5xsXb6
4IxN6AdKM6psncLNIwLWUs,In The Jungle Groove,1986-08-25,9,7GaxyUddsPok8BuhxN6OUW
0PT5m6hwPRrpBwIHVnvbFX,Help! (Remastered),1965-08-06,14,3WrFJ7ztbogyGnTHbHJFl2
4xX94uM6Kf972DJurGKnbb,Shoot Out The Lights,1982,8,4hw4TPMyAzHqNBcWtoDrK5
2ECSVdWu5RCvYqIRGA0pyR,Wild Gift,1981-05-05,13,54NqjhP2rT524Mi2GicG4K
29sTacnS0qA9xri6YS8xLA,Superunknown (Deluxe Edition),1994-03-09,32,5xUf6j4upBrXZPg6AI4MRK
5vkqYmiPBYLaalcmjujWxK,In Rainbows,2007-12-28,10,4Z8W4fKeB5YxbusRsdQVPb
0NGM3Ftwjw0dLNpAowmz3x,Aqualung (Special Edition),1971-03-19,14,6w6z8m4WXX7Tub4Rb6Lu7R
2rogKfOpmCFuqNhtGKf2dX,Cheap Thrills,1968-08-12,11,4J69yWrKwWJgjv3DKTZcGo
2fnWxy7UoIazBiewjgchvm,The Heart Of Saturday Night (Remastered),1974-10-15,11,7x83XhcMbOTl1UdYsPTuZM
34aFnrFRBlErcbU6moRZR3,Damaged,1981,15,5Mhs3Eu8lU6sRCtRYsmABV
724hO8VLcKOz9b0y18wA8c,Play & Play: B Sides,2008-06-02,29,3OsRAKCvk37zwYcnzRf5XF
5g3Yi15plTSMaq6tYiuw8p,Violator (2006 Remaster),1990-03-19,15,762310PdDnwsDxAQxzQkfX
6mvI80w5r78niBmwtu7RF9,Bat Out Of Hell,1977-10-21,7,7dnB1wSxbYa8CejeVg98hz
4iaDgkP0M6ahEHrBynAFei,Berlin,1973-07-01,10,42TFhl7WlMRXiNqzSrnzPL
4FR8Z6TvIsC56NLyNomNRE,Stop Making Sense (Live),1984,16,2x9SpqnPi8rlE9pjHBwmSC
34LxHI9x14qXUOS8AWRrYD,3 Feet High and Rising,1989-03-03,23,1Z8ODXyhEBi3WynYw0Rya6
2Se4ZylF9NkFGD92yv1aZC,The Piper at the Gates of Dawn,1967-08-05,11,0k17h0D3J5VfsdmQ1iZtE9
7gTcPv1bE0THbjuvDbK1gq,Muddy Waters At Newport 1960,1960-11-15,13,4y6J8jwRAwO4dssiSmN91R
4FWvo9oS4gRgHtAwDwUjiO,The Black Album,2003-11-14,14,3nFkdlSjzX9mRTtwJOzDYB
3s6wTRMDispMa4gCd26FPc,Roger the Engineer,1966-07-15,31,2lxX1ivRYp26soIavdG9bX
7jvcSnCnugLcisBCNBm60s,Brothers in Arms,1985-05-13,9,0WwSkZ7LtFUFjGjMZBMt6T
20r762YmB5HeofjMCiPMLv,My Beautiful Dark Twisted Fantasy,2010-11-22,13,5K4W6rqBFWDnAN6FQUkS6x
1HmCO8VK98AU6EXPOjGYyI,52nd Street,1978-10-13,9,6zFYqv1mOsgBRQbae3JJ9e
5SC92pfXSbQvZjgfk0oGno,Having a Rave Up with The Yardbirds (2015 Remaster),1965,10,2lxX1ivRYp26soIavdG9bX
3HhJGNadZnFCkAYrPgSuVR,12 Songs,1970,12,3HQyFCFFfJO3KKBlUfZsyW
36BIYdP4WtviD9Ngqc4SK5,Between The Buttons,1967-01-20,12,22bE4uQ6baNwSHPVcDxLCe
4Gg3siRefHW8r2CndJxIiJ,Sketches Of Spain 50th Anniversary (Legacy Edition),1960-07-18,17,0kbYTNQb4Pb1rPbbaF0pT4
6TxgQwGrbG3XZLNPOEhg7E,Singles Going Steady,1979,24,2DxlS3lTLFIq70S7ap5H3y
2tm3Ht61kqqRZtIYsBjxEj,Stankonia,2000-10-31,24,1G9G7WwrXka3Z1r7aIDjI7
0bQglEvsHphrS19FGODEGo,Siamese Dream (Deluxe Edition),1993,31,40Yq4vzPs9VNUrIBG5Jr2i
7IKUTIc9UWuVngyGPtqNHS,L.A. Woman,1971-04-19,10,22WZ7M8sxp5THdruNY3gXt
4Io5vWtmV1rFj4yirKb4y4,Rage Against The Machine - XX (20th Anniversary Special Edition),1992,25,2d0hyoQ5ynDBnkvAbJKORj
19rYWxZfMdEOxTDODFjLyb,American Recordings,1994-01-01,13,6kACVPfCOnqzgfEF5ryl0x
6cuNyrSmRjBeekioLdLkvI,Ray of Light,1998-03-03,13,6tbjWDEIzxoDsBA1FuhfPW
51B7LbLWgYLKBVSpkan8Z7,Eagles (2013 Remaster),1972-06-01,10,0ECwFtbIWEVNwjlrfc6xoL
45StnugV9WQMQwk4rRoTy8,Louder Than Bombs,1987,24,3yY2gUcIsjMr8hjo51PoJ8
3ApRy4edE6ZYi081aFpq4s,Mott (Expanded Edition),1973,13,6ysQi6NI88X627t2srsWz6
2EpuND32cO7CX0gXZl2NB6,Reggatta De Blanc (Remastered 2003),1979-10-02,11,5NGO30tJxFlKixkPSgXcFE
5SxBU3zQaLOq5eapsG3jFQ,Volunteers,2004-06-18,15,2qFr8w5sWUITRlzZ9kZotF
5Tpor3YZBVEJ9tWD5L31mH,Siren,1975-10-01,9,3fhOTtm0LBJ3Ojn4hIljLo
0aiTqo8YZI0dKDgcCnkkzP,Late for the Sky (Remastered),1974,8,5lkiCO9UQ8B23dZ1o0UV4m
2Ul7B1LEHxXzYubtkTMENs,Post,1995-06-13,11,7w29UYBi0qsHi5RTcv3lmA
6tOe4eAF8xNhEkl9WyvsE4,(What's The Story) Morning Glory? (Deluxe Remastered Edition),1995,40,2DaxqgrOhkeH0fpeiQq2f4
5eg56dCpFn32neJak2vk0f,Crazysexycool,1994-11-15,16,0TImkz4nPqjegtVSMZnMRq
7a341nZsSfwyBsq1tMPETz,Funky Kingston,1973-01-01,10,6ZFv3wQwwWPiVDWhv0mjQK
01TG7VOg4F90jXv3a1yCgA,The Smile Sessions,2011-01-01,40,3oDbviiivRWhXwIE8hxkVV
7ro1W6lc4tuTaRyA8rnVm1,The Modern Lovers (Expanded Version),1976-09-01,17,2eRdPaLHWAL4d1WcNUO9Vz
01RJdKvXyz515O37itqMIJ,More Songs About Buildings and Food (Deluxe Version),1978-07-14,15,2x9SpqnPi8rlE9pjHBwmSC
6f4mqM3RNAfO1t6XeeUa8P,A Quick One (Expanded Edition),1966-12-09,20,67ea9eGLXYMsO2eYQRui3w
4BcfuxQ4EO07Y53yr6YhAJ,Love And Theft,2001-09-11,12,74ASZWbe4lXaubB36ztrGX
4XfN871nBIz6obaUDEzZXm,Pretzel Logic,1974-02-20,11,6P7H3ai06vU1sGvdpBwDmE
3tQd5mwBtVyxCoEo4htGAV,Enter The Wu-Tang (36 Chambers) [Expanded Edition],1993-11-09,15,34EP7KEpOjXcM2TCat1ISk
1DIr8JMRBnm1cZMYIGKb8t,The Indestructible Beat of Soweto - Volume One,1985-04-16,12,0LyfQWJT6nXafLPZqxe9Of
12lDqJuZIqMk6DNe1fInFl,The End Of The Innocence,1989-06-27,10,5dbuFbrHa1SJlQhQX9OUJ2
6D9urpsOWWKtYvF6PaorGE,Elephant,2003-04-01,14,4F84IBURUo98rz4r61KF70
1AqUcQKtf2AQ6rFRKIBei8,The Pretender,1977-08-30,8,5lkiCO9UQ8B23dZ1o0UV4m
0jTGHV5xqHPvEcwL8f6YU5,Let It Be (Remastered),1970-05-08,12,3WrFJ7ztbogyGnTHbHJFl2
2xoj2gYed3IYmGWn3owSfu,Kala,2007-08-20,12,0QJIPDAEDILuo8AIq3pMuU
4UY90kcO4N9ZPBl4xPLvvU,Good Old Boys,1974,13,3HQyFCFFfJO3KKBlUfZsyW
1R8kkopLT4IAxzMMkjic6X,Sound of Silver,2007-03-12,9,066X20Nz7iquqkkCW6Jxy6
6gKMWnGptVs6yT2MgCxw29,For Your Pleasure,1973-03-01,8,3fhOTtm0LBJ3Ojn4hIljLo
5mAPk4qeNqVLtNydaWbWlf,Blue Lines (2012 Mix/Master),1991-06-10,9,6FXMGgJwohJLUSr5nVlf9X
5LMGAYhn2ywaxGZdtmXGpw,Eliminator,1983-03-23,11,2AM4ilv6UzW0uMRuqKtDgN
51CvLH7MxsLuFgTwVvzApx,Rain Dogs (2023 Remaster),1985,19,7x83XhcMbOTl1UdYsPTuZM
2Y9IRtehByVkegoD7TcLfi,Californication (Deluxe Edition),1999-06-08,18,0L8ExT028jH3ddEcZwqJJ5
3kEtdS2pH6hKcMU9Wioob1,Illmatic,1994-04-19,10,20qISvAhX20dpIbOOzGK3q
6DExt1eX4lflLacVjHHbOs,Pronounced' Leh-'Nerd 'Skin-'Nerd,1973-01-01,8,4MVyzYMgTwdP7Z49wAZHx0
3mtVgumHx6y9I2UvW4lUd5,Radio City,1974,12,3UvcmAOZt64oKpP95f6MMM
2fDJpBJhtloxzUENHlU9JB,Rid Of Me,1993-01-01,14,12VaqyEhgwDRuFfEqbnrpz
2UxN3UKyS3Z5r0Sra8A5RF,Sandinista! (Remastered),1980,36,3RGLhK1IP9jnYFH4BRFJBS
6v5IVMmY1IvWtbfnQoiFSf,Strange Days,1967-09-25,10,22WZ7M8sxp5THdruNY3gXt
185DHT5SvszXRrezx3lOjt,Time Out Of Mind,1997-09-30,11,74ASZWbe4lXaubB36ztrGX
73cxqemPE6sVoCkwRuPU6E,461 Ocean Boulevard,1974-07-01,10,6PAt558ZEZl0DmdXlnjMgD
4WXqZZ28geJSPtqLcCF56L,Pink Flag (2006 Remastered Version),1977-11-01,21,2i8ynmFv4qgRksyDlBgi6d
5viZ5HyYtV0wafK7DoXmgF,Double Nickels on the Dime,1984-07-24,43,0z6zRFzl5njXWLVAisXQBz
7DdEbYFPKTZ8KB4z6L4UnQ,Van Halen (Remastered),1978-02-10,11,2cnMpRsOVqtPMfq7YiFE6K
7cAcex6xw4fP67ltgn1gm3,Mule Variations (Remastered),1999-04-27,16,7x83XhcMbOTl1UdYsPTuZM
4YCjEFs1aDmcilTMbqMwjY,Boy (Deluxe Edition Remastered),1980-10-20,25,51Blml2LZPmy7TTiAg47vQ
3539EbNgIdEDGBKkUf4wno,Dummy,1994-01-01,11,6liAMWkVf5LH7YR9yfFy1Y
0CoNLgOwcZGBUSwd9fAZuy,Presenting the Fabulous Ronettes Featuring Veronica,1964-11-01,12,7CyeXFnOrfC1N6z4naIpgo
5gX0Oedkr1IgRO8OXhUR5k,Anthology,2002-03-21,50,0rXI0q8Cahq6numvPlloaq
23vzCh5cDn0LzdGmGWrT1d,The Rising,2002-07-30,15,3eqjTLE0HfPfh78zjh6TqT
6UQujMGmR5MbFsML9amCuN,Grievous Angel,1974,9,1KA3WXYMPLxomNuoE22LYd
6XZwHDglhO4A0C5Pa4xO4Q,Sleepless,2002-09-10,12,003kZCrZhoxCckVJ2jCiJC
6uoeezh45SYEb8lcT8gDTY,Another Green World,1975-09-01,14,7MSUfLeTdDEoZiJPDSBXgi
7n8NJkGKAl2np1bXiRn0CY,Vampire Weekend,2008-01-29,11,5BvJzeQpmsdsFp4HGUYUEx
0hBWhJEmVyNPG2Jq71CJXz,"Stories From The City, Stories From The Sea",2000-01-01,12,12VaqyEhgwDRuFfEqbnrpz
74jn28Kr29iyh8eZXSvnwi,Here Come The Warm Jets,1973,10,7MSUfLeTdDEoZiJPDSBXgi
7j7lsExGJtBHLgDYzjclwk,All Things Must Pass (2014 Remaster),1970-11-20,28,7FIoB5PHdrMZVC3q2HE5MS
1BumwwIEw1EC3xAHyf1ive,#1 Record,1972,12,3UvcmAOZt64oKpP95f6MMM
6ohX7moZZnF1FwYrli1OJ6,In Utero (Deluxe Edition),1993-09-21,43,6olE6TJLqED3rqDCT0FyPh
5ieP11rJQvuYz0Ov3k03cy,Sea Change,2002-01-01,12,3vbKDsSS70ZX9D2OcvbZmS
5BGzOpea6At0Nd7tYtYZOP,Tha Carter III,2008-06-10,16,55Aa2cqylxrFIXC767Z865
3nTXqOEHr6AfTb1WSaB4Pm,"One Night Stand - Sam Cooke Live At The Harlem Square Club, 1963",1963-08-16,10,6hnWRPzGGKiapVX1UCdEAC
2wRH4pcI8TIQFCK1MeByWO,Rum Sodomy & The Lash (Expanded Edition),1985,18,2wzMOQwNT6ZvVB4amvhFAH
6Ai24Lo0hWZXWl6xwwgx4k,The Suicide Machines,2000-01-01,14,31v7ijnAMVL9V7Uzr1sFcI
1u2Qni8cVRptDTaA00fmBC,Q: Are We Not Men? A: We Are Devo!,1978,11,0UKfenbZb15sqhfPC6zbt3
2sXJQdHykPYcRQ7xFhwzMR,In Color,1977-09,10,1LB8qB5BPb3MHQrfkvifXU
4UZmpGH8kpAgyZ2yqQ8sP9,The World is a Ghetto,1972-11-01,6,3ICyfoySNDZqtBVmaBT84I
0fjJOLqG3v7vXRYhz2wxPC,Fly Like An Eagle,1976-01-01,12,6QtGlUje9TIkLrgPZrESuk
67NkpPGMcxoIiumOW3oRpL,Back In The USA,1970,11,4WquJweZPIK9qcfVFhTKvf
5W9OT0a5iZlBr83a9WMKFY,Synchronicity (Remastered 2003),1983-06-17,11,5NGO30tJxFlKixkPSgXcFE
12X80pgkHSjMDgAAS0HBdr,For Everyman,1973,10,5lkiCO9UQ8B23dZ1o0UV4m
0E4xv5gPjykrwBgBZzI8XG,Back To Black (Deluxe Edition),2006,19,6Q192DXotxtaysaqNPy5yR
5t4FHrIAHI8nolSAOBRgPp,John Prine,1971,13,0nJUwPwC9Ti4vvuJ0q3MfT
2HOl8gDiGGpt7wsIDi9jy5,Strictly Business,1988-06-07,10,3zpKjsMg2gw1St5WcWoUJN
6p7jHbG5Bd6z2JgfKx0um7,Love It to Death,1971,9,3EhbVgyfGd7HkpsagwL9GS
5dl01XDIMXrmjJ22obqfhQ,How Will the Wolf Survive?,1984-10-17,11,6OWapcJm9xd55ci9CYbAuT
1iVf41qWHZsAk9DwY43WnV,"Here, My Dear",1978-12-15,14,3koiLjNrgRTNbOwViDipeA
1UgdV58y1OX2oiTBbTFvlh,Z,2005-10-04,10,43O3c6wewpzPKwVaGEEtBM
03zfU3IwWmymKoaWnwFNaY,Tumbleweed Connection,1970-10-30,12,3PhoLpVuITZKcymswpck5b
4PfgUTGoURqbID40xeSIRP,The Drifters' Golden Hits (Mono),2021-06-25,12,1FqqOl9itIUpXr4jZPIVoT
2Rwf2nPYZQ9aIe4QXACTC7,Live Through This,1994-01-01,12,5SHQUMAmEK5KmuSb0aDvsn
6gMv3MgFlieOM6Uz5GZBzy,Document (R.E.M. No. 5),1987-09-01,11,4KWTAlx2RvbpseOGMEmROg
29rkfL25uKOkVOhyr1CmXJ,Heaven up Here,1981-05-30,11,0fgYKF9Avljex0L9Wt5b8Z
31oeDyCOLhgeZyktfxo0pE,Hysteria (Super Deluxe),1987-08-03,47,6H1RjVyNruCmrBEWRbD0VZ
2GuROKcqyHdpIDcgxml1C7,69 Love Songs,1999-09-14,69,6RWjTQqILL7a1tQ0VapyLK
0RHX9XECH8IVI3LNgWDpmQ,A Rush of Blood to the Head,2002-08-08,11,4gzpq5DPGxSnKTe4SA8HAU
5Qcef60m4gcckV24PmPYVq,Tunnel Of Love,1987-10-09,12,3eqjTLE0HfPfh78zjh6TqT
785WNIAl2zC3OZ6XHjFaIG,The Paul Butterfield Blues Band,1965,11,6kz7WuPaUa4QVreP27I33i
18XFe4CPBgVezXkxZP6rTb,The Score (Expanded Edition),1996-02-13,17,2WKdxPFRD7IqZvlIAvhMgY
4sevefzBUFvJYAzijVBQ2a,Radio,1985-11-18,11,1P8IfcNKwrkQP5xJWuhaOC
1K1Qdd60pW48wEgWGQLeRt,I Want To See The Bright Lights Tonight,1974,13,4hw4TPMyAzHqNBcWtoDrK5
34K1Kvskt9arWy8E1Gz3Lw,Faith,1987-10-30,10,19ra5tSw0tWufvUp8GotLo
6cI1XoZsOhkyrCwtuI70CN,The Smiths,1984-02-20,11,3yY2gUcIsjMr8hjo51PoJ8
4t1LLdXiWTfoywqricztFo,Próxima Estación: Esperanza,2001-06-01,17,6wH6iStAh4KIaWfuhf0NYM
5w3q6GZbw0gsAtvl1c0rmu,Armed Forces (Remastered 2020),2020-11-06,13,4qmHkMxr6pTWh5Zo74odpH
7dRdaGSxgcBdJnrOviQRuB,Life After Death (2014 Remastered Edition),1997-03-04,24,5me0Irg2ANcsgc93uaYrpb
40Wi0Ej08sw9B4URIOabOI,Down Every Road 1962-1994,1996-01-01,100,2ptmyXoL7poH6Zq62h1QT9
1xszIYZw0waqfnGk6le7hg,All Time Greatest Hits,2002-01-01,22,1FE0rls8gfQT3laAeRYNgl
3ywVzrwMQ3Kq43N9zBdBQm,Maggot Brain,1971-07-12,7,450o9jw6AtiQlQkHCdH6Ru
7btiyhWzUfzxN3ijSiBpC8,Only Built 4 Cuban Linx...,1995,18,2yQf6b8hxahZaT5dHlWaB1
3bEnaGjQRqfoqNkAQtO1Uy,Guitar Town,1986-01-01,10,2UBTfUoLI07iRqGeUrwhZh
7LMOo068Ndv0wjTGUDtYqK,Entertainment!,1979-09-25,12,3AmWjMXXtBJOmNGpUFSOAl
3LdlOZcV0dp7ePBXe2KAGa,All The Young Dudes (Expanded Edition),1972,16,6ysQi6NI88X627t2srsWz6
5pd9B3KQWKshHw4lnsSLNy,Vitalogy,1994-11-22,17,1w5Kfo2jwwIPruYS2UWh56
1FvdZ1oizXwF9bxogujoF0,She's So Unusual,1983-10-14,10,2BTZIqw0ntH9MvilQ3ewNY
2eOu9QDLP2MoO04ZtII2Vm,New Day Rising,1985-01-01,15,16bN8mhtDFdegWbg0z3s10
59plsPcJYFlSA5ImekNQJ0,Destroyer,1976-03-15,10,07XSN3sPlIlB2L2XNcTwJw
0Em8m9kRctyH9S3MTXAHvY,Tres Hombres (Expanded 2006 Remaster),1973-07-26,13,2AM4ilv6UzW0uMRuqKtDgN
0Ez9S8Dhzr1fa6ZCkcIJiR,Born Under A Bad Sign (Mono),1967-01-01,11,5aygfDCEaX5KTZOxSCpT9o
4pGwe5BW8GVtIP8ruoa1jB,Touch (Reissue - Deluxe Edition),1983-11-14,16,0NKDgy9j66h3DLnN8qu1bB
6PanEvuo9ZNvGT39v50xp6,Yankee Hotel Foxtrot (2022 Remaster),2002,11,2QoU3awHVdcHS8LrZEKvSM
6mm1Skz3JE6AXneya9Nyiv,Oracular Spectacular,2007-12-14,10,0SwO7SWeDHJijQ3XNS7xEE
6ry5iI1ik4H2DvoiWhluYh,Give It Up (2008 Remaster),1972,10,4KDyYWR7IpxZ7xrdYbKrqY
3urpKmhg4HyYuEmODNdTdo,My Time: A Boz Scaggs Anthology (1969-1997),1997,33,46njgd2Rq9tZc4ZjeQMgbh
6Xvc1TfpVEhDeHhmTQEtp0,White Blood Cells,2001-07-03,16,4F84IBURUo98rz4r61KF70
0um9FI6BLBldL5POP4D4Cw,The Stone Roses,1989-05-02,12,1lYT0A0LV5DUfxr6doRP3d
3mCS3cMduOlki845XA4gDZ,Live In Cook County Jail,1971-01-01,8,5xLSa7l4IV1gsQfhAMvl0U
5ceB3rxgXqIRpsOvVzTG28,Aquemini,1998-09-29,16,1G9G7WwrXka3Z1r7aIDjI7
46rjSfrOaPBPX8npn50l0A,It's Hard,1982-09-04,16,67ea9eGLXYMsO2eYQRui3w
2fRxSC6FtiAkhEDVZr2seH,The Bridge,1986-07-28,9,6zFYqv1mOsgBRQbae3JJ9e
2wqTlagAdAEh89tMuToml0,Van Halen III,1998-03-17,12,2cnMpRsOVqtPMfq7YiFE6K
3L6JBfRxhzGzhhRDlTEdBz,Idlewild,2006-08-22,25,1G9G7WwrXka3Z1r7aIDjI7
77pIdRuNu9xRYk6BB6l9nI,Countryman,2005-01-01,12,5W5bDNCqJ1jbCgTxDD0Cb3
5CI03g8QNehnEWXAhRtw0s,Around The Sun,2004-01-01,13,4KWTAlx2RvbpseOGMEmROg
4ljK2LVKvEPd5xPgUJn0Bs,St. Anger,2003-06-05,11,2ye2Wgw4gimLv2eAKyk1NB
3E01XjnmC1HdxTE8dPuEkn,Cut The Crap,1985-11-04,12,3RGLhK1IP9jnYFH4BRFJBS
2sJEOd3e3IFy5kmPPUdHge,Calling All Stations (2007 Remaster),1997-09-01,11,3CkvROUTQ6nRi9yQOcsB50
4DOh46p7iy1jebsWBa9OOv,Changes,1970-06-01,15,320EPCSEezHt1rtbfwH6Ck
6mFvuRlPtmwXLhh2qdzTI7,Chaos and Disorder,1996-07-09,11,5a2EaR3hamoenG9rDuVn8j
2efkPPuJQ7JrTloWk4lhiV,Time,1995-10-10,13,08GQAI4eElDnROBrJRGE0X
1J7sLrUoYUrsjhunsgzZpL,"Music From ""The Elder"" (Remastered)",1981-11-16,11,07XSN3sPlIlB2L2XNcTwJw
0q3FViNIlVmYObIGAXbNhK,Psychoderelict,1993-06-15,21,24Wa5wIZIo1sPkzVGP0B5p
1WEfOTItaPIa0dVxxLJqlI,Nine Lives,1997-03-18,13,7Ey4PD4MYsKc5I2dolUwbH
0rbgxvTKe3Y4VRar4sIYzT,Liz Phair,2003-01-01,14,2LXeJdQVcFkhkWydphLI74
6J2BJd3FQDDlh2ZjL6QIpF,Raditude (Deluxe),2009-11-03,14,3jOstUTkEu2JkjvRdBA5Gu
2AtvtW3U8dv9C61S88M2w8,Give My Regards To Broad Street,1984-10-22,15,4STHEaNw4mPZ2tzheohgXB
1s8DfGDgydp7XFCkSiMYZb,Crown Royal,2001-04-03,12,3CQIn7N5CuRDP8wEI7FiDA
6makHXbA3KBYNlYEPXyFJW,American Life,2003-04-22,11,6tbjWDEIzxoDsBA1FuhfPW
2v3xdUz73rd6Nness5SSIh,Rebirth,2009-01-01,12,55Aa2cqylxrFIXC767Z865
5qHuYmZKJF6kYZjif7ECWz,The Doctor,1986-11,10,1LB8qB5BPb3MHQrfkvifXU
26Fac6kNgB6MLeoGVkmpKN,Full Circle,1972-07-17,9,22WZ7M8sxp5THdruNY3gXt
6lKblzPniPSFL5LetqvyhZ,Speeding Time,1983,10,319yZVtYM9MBGqmSQnMyY6
3pgglWjc7ni5ROElAC95Nx,Gone Troppo,1982-11-05,11,7FIoB5PHdrMZVC3q2HE5MS
18X1MIMcwyDPIjrwn00p7e,Mistrial,1986-06-26,10,42TFhl7WlMRXiNqzSrnzPL
3BLIfiiKINZt4MJ1uDK2wa,Never Let Me Down (2018 Remaster),1987-04-20,10,0oSGxfWSnnOXhD2fKuz2Gy
0clTTgbdxyaK9U07ZF28Rm,2300 Jackson Street,1989-05-28,11,2yrbLiuBmc9j81lTX3XUuI
1Y1RORWFYC7HYte6lb1lxO,Right By You,1984,10,4WlSvDKaq1PA2Nr7cCIPxX
2B7lOrhmRawYzInu75QOgx,Leather Jackets,1986-10-15,11,3PhoLpVuITZKcymswpck5b
4HirIvj3y4Ok3o2MCZtdfB,Mardi Gras,1972-04-11,10,3IYUhFvPQItj6xySrBmZkd
0o3kj09k9lKCisAfkfUSN2,American Dream,1988-11-11,14,1CYsQCypByMVgnv17qsSbQ
1jqNoER2ibSB8I0DMm54Ac,Down In The Groove,1988-05-31,10,74ASZWbe4lXaubB36ztrGX
447aJIB9W5eJbQCRc00oEy,Union,1991-04-26,14,7AC976RDJzL2asmZuz7qil
1OtiNKc6jbz5Ycz1BoCBDb,Squeeze,1973,11,1nJvji2KIlWSseXRSlNYsC
2Ek1q2haOnxVqhvVKqMvJe,ye,2018-06-01,7,5K4W6rqBFWDnAN6FQUkS6x
