albumnamers,albumidspotify,albumnamespotify,artistnamespotify,artistidspotify,releasedate,totaltracks
Sgt.+Pepper's+Lonely+Hearts+Club+Band,6QaVfG1pHYl1z15ZxkvVDW,Sgt. Pepper's Lonely Hearts Club Band (Remastered),The Beatles,3WrFJ7ztbogyGnTHbHJFl2,1967-06-01,13.0
Pet+Sounds,6GphKx2QAPRoVGWE9D7ou8,Pet Sounds (Original Mono & Stereo Mix),The Beach Boys,3oDbviiivRWhXwIE8hxkVV,1966-06-16,27.0
Revolver,3PRoXYsngSwjEQWR5PsHWR,Revolver (Remastered),The Beatles,3WrFJ7ztbogyGnTHbHJFl2,1966-08-05,14.0
Highway+61+Revisited,6YabPKtZAjxwyWbuO9p4ZD,Highway 61 Revisited,Bob Dylan,74ASZWbe4lXaubB36ztrGX,1965-08-30,9.0
Rubber+Soul,50o7kf2wLwVmOTVYJOTplm,Rubber Soul (Remastered),The Beatles,3WrFJ7ztbogyGnTHbHJFl2,1965-12-03,14.0
What's+Going+On,7qD9oSiS3xFJsw2oSV2akp,What’s Going On: The Detroit Mix,Marvin Gaye,3koiLjNrgRTNbOwViDipeA,2021-01-22,9.0
Exile+on+Main+St.,5U4dnRZsfW8NmwBBkELFPh,Exile On Main Street (2010 Re-Mastered),The Rolling Stones,22bE4uQ6baNwSHPVcDxLCe,1972-05-12,18.0
London+Calling,6FCzvataOZh68j8OKzOt9a,London Calling (Remastered),The Clash,3RGLhK1IP9jnYFH4BRFJBS,1979,19.0
Blonde+on+Blonde,4NP1rhnsPdYpnyJP0p0k0L,Blonde On Blonde,Bob Dylan,74ASZWbe4lXaubB36ztrGX,1966-06-20,14.0
"The+Beatles+(""The+White+Album"")",6126O4XLYAfzU3961ziahP,The Beatles 1962 - 1966 (Remastered),The Beatles,3WrFJ7ztbogyGnTHbHJFl2,1973-04-01,26.0
The+Sun+Sessions,,,,,,
Kind+of+Blue,4sb0eMpDn3upAFfyi4q2rw,Kind Of Blue (Legacy Edition),Miles Davis,0kbYTNQb4Pb1rPbbaF0pT4,1959-08-17,21.0
The+Velvet+Underground+&+Nico,4xwx0x7k6c5VuThz5qVqmV,The Velvet Underground & Nico 45th Anniversary,The Velvet Underground,1nJvji2KIlWSseXRSlNYsC,1967-03-12,11.0
Abbey+Road,0ETFjACtuP2ADo6LFhL6HN,Abbey Road (Remastered),The Beatles,3WrFJ7ztbogyGnTHbHJFl2,1969-09-26,17.0
Are+You+Experienced,,,,,,
Blood+on+the+Tracks,4WD4pslu83FF6oMa1e19mF,Blood On The Tracks,Bob Dylan,74ASZWbe4lXaubB36ztrGX,1975-01-17,10.0
Nevermind,2guirTSEqLizK7j9i1MTTZ,Nevermind (Remastered),Nirvana,6olE6TJLqED3rqDCT0FyPh,1991-09-26,13.0
Born+to+Run,43YIoHKSrEw2GJsWmhZIpu,Born To Run,Bruce Springsteen,3eqjTLE0HfPfh78zjh6TqT,1975-08-25,8.0
Astral+Weeks,4pG3bKkbmReDt5QTDn3JDz,Astral Weeks,Van Morrison,44NX2ffIYHr6D4n7RaZF7A,1968-11-01,8.0
Thriller,1C2h7mLntPSeVYciMRTF4a,Thriller 25 Super Deluxe Edition,Michael Jackson,3fMbdgg4jU18AjLCKBhRSm,2008-02-08,30.0
The+Great+Twenty_Eight,4hQtcgvaybCqBsTrfiL1jC,The Great Twenty-Eight,Chuck Berry,293zczrfYafIItmnmM3coR,1982-01-01,28.0
The+Complete+Recordings,6QwHn86Rw53qli3Y6b41Rd,The Complete Recordings,Robert Johnson,0f8MDDzIc6M4uH1xH0o0gy,1990,41.0
John+Lennon/Plastic+Ono+Band,,,,,,
Innervisions,5jgI8Eminx9MmLBontDWq8,Innervisions,Stevie Wonder,7guDJrEfX3qb6FEbdPA5qi,1973-08-03,9.0
"Live+at+the+Apollo,+1962",0B6BbyElOe4bwziJrunOTe,"James Brown Live At The Apollo, 1962",James Brown,7GaxyUddsPok8BuhxN6OUW,1963-05-01,11.0
Rumours,0BwWUstDMUbgq2NYONRqlu,Rumours (Super Deluxe),Fleetwood Mac,08GQAI4eElDnROBrJRGE0X,1977-02-04,58.0
The+Joshua+Tree,5y6wlw1LnqFnQFruMeiwGU,The Joshua Tree (Super Deluxe),U2,51Blml2LZPmy7TTiAg47vQ,1987-03-03,49.0
Who's+Next,4uehIELOvaBf8ZbhQGrhkd,Who’s Next : Life House (Super Deluxe),The Who,67ea9eGLXYMsO2eYQRui3w,2023-09-15,109.0
Led+Zeppelin,44Ig8dzqOkvkGDzaUof9lK,Led Zeppelin IV (Deluxe Edition),Led Zeppelin,36QJpDe2go2KgaRleHCDTp,1971-11-08,16.0
Blue,,,,,,
Bringing+It+All+Back+Home,1lPoRKSgZHQAYXxzBsOQ7v,Bringing It All Back Home,Bob Dylan,74ASZWbe4lXaubB36ztrGX,1965-03-22,11.0
Let+It+Bleed,4l4u9e9jSbotSXNjYfOugy,Let It Bleed,The Rolling Stones,22bE4uQ6baNwSHPVcDxLCe,1969-12-05,9.0
Ramones,5uYDAwW0SZgcfOFkxrST64,Ramones (40th Anniversary Deluxe Edition; 2016 Remaster),Ramones,1co4F2pPNH8JjTutZkmgSm,1976-04-23,78.0
Music+From+Big+Pink,0ky5kdvfPxSmSpj03hpSAE,Music From Big Pink (Remastered),The Band,4vpDg7Y7fU982Ds30zawDA,1968-07-01,11.0
The+Rise+and+Fall+of+Ziggy+Stardust+and+the+Spiders+From+Mars,48D1hRORqJq52qsnUYZX56,The Rise and Fall of Ziggy Stardust and the Spiders from Mars (2012 Remaster),David Bowie,0oSGxfWSnnOXhD2fKuz2Gy,1972-06-06,11.0
Tapestry,12n11cgnpjXKLeqrnIERoS,Tapestry,Carole King,319yZVtYM9MBGqmSQnMyY6,1971,12.0
Hotel+California,2widuo17g5CEC66IbzveRu,Hotel California (2013 Remaster),Eagles,0ECwFtbIWEVNwjlrfc6xoL,1976-12-08,9.0
The+Anthology,,,,,,
Please+Please+Me,3KzAvEXcqJKBF97HrXwlgf,Please Please Me (Remastered),The Beatles,3WrFJ7ztbogyGnTHbHJFl2,1963-03-22,14.0
Forever+Changes,2amHBpP8C0EUy6yBNy6nN6,Forever Changes (2015 Remaster),Love,3Q6OOkfssqoMSTtl11J5Uk,1967,11.0
Never+Mind+the+Bollocks+Here's+the+Sex+Pistols,5fxYu3rqjCNTSPKN8mtEl2,"Never Mind The Bollocks, Here's The Sex Pistols",Sex Pistols,1u7kkVrr14iBvrpYnZILJR,1977-10-27,12.0
The+Doors,1jWmEhn3ggaL6isoyLfwBn,The Doors,The Doors,22WZ7M8sxp5THdruNY3gXt,1967-01-04,11.0
The+Dark+Side+of+the+Moon,4LH4d3cOWNNsVw41Gqt2kv,The Dark Side of the Moon,Pink Floyd,0k17h0D3J5VfsdmQ1iZtE9,1973-03-01,10.0
Horses,7xg7u99lilTCPbaRfnYuy6,Horses (Legacy Edition),Patti Smith,0vYkHhJ48Bs3jWcvZXvOrP,1975,18.0
"The+Band+(""The+Brown+Album"")",5oO05Fs4JZ55rclkC8eqcy,"Best of Lew Stone & The Monseigneur Band, 1932-34",Lew Stone & the Monseigneur Band,6RCm4Wmrl2T6hgrB5qiA7p,1998-01-01,23.0
Legend:+The+Best+of+Bob+Marley+and+The+Wailers,4jKeipwuUTjlx9USNYdhZn,Legend - The Best Of Bob Marley And The Wailers,Bob Marley & The Wailers,2QsynagSdAqZj3U9HgDzjD,2002-01-01,16.0
A+Love+Supreme,7Eoz7hJvaX1eFkbpQxC5PA,A Love Supreme,John Coltrane,2hGh5VOeeqimQFxqXvfCUf,1965-02,4.0
It+Takes+a+Nation+of+Millions+to+Hold+Us+Back,3PxXiYU3PjymOEE22PewGZ,It Takes A Nation Of Millions To Hold Us Back (Deluxe Edition),Public Enemy,6Mo9PoU6svvhgEum7wh2Nd,1988-06-28,29.0
At+Fillmore+East,,,,,,
Here's+Little+Richard,,,,,,
Bridge+Over+Troubled+Water,0JwHz5SSvpYWuuCNbtYZoV,Bridge Over Troubled Water,Simon & Garfunkel,70cRZdQywnSFp9pnc2WTCE,1970-01-26,11.0
Greatest+Hits,6W0V8B0fJItvOwC8v114rZ,Greatest Hits,Al Green,3dkbV4qihUeMsqN4vBGg93,1975-05-29,10.0
Meet+The+Beatles!,,,,,,
The+Birth+of+Soul,3RPMCDSd1yj37hlqbizmeT,The Birth of Soul,Ray Charles,1eYhYunlNJlDoQhtYBvPsi,1991-09-24,53.0
Electric+Ladyland,,,,,,
Elvis+Presley,3X3rFfVKCW58sKMO0UXkwO,The Essential Elvis Presley,Elvis Presley,43ZHCT0cAZBISjO8DG9PnE,2007,40.0
Songs+in+the+Key+of+Life,6YUCc2RiXcEKS9ibuZxjt0,Songs In The Key Of Life,Stevie Wonder,7guDJrEfX3qb6FEbdPA5qi,1976-09-28,21.0
Beggars+Banquet,6OHri5qNxwCdVSdyCslspd,Beggars Banquet (50th Anniversary Edition),The Rolling Stones,22bE4uQ6baNwSHPVcDxLCe,1968-12-06,10.0
Chronicle:+The+20+Greatest+Hits,,,,,,
Trout+Mask+Replica,,,,,,
Greatest+Hits,0UM9SydcBtsklCTFgGLvcT,Greatest Hits,Sly & The Family Stone,5m8H6zSadhu1j9Yi04VLqD,1970-11-21,12.0
Appetite+for+Destruction,28yHV3Gdg30AiB8h8em1eW,Appetite For Destruction,Guns N' Roses,3qm84nBOXUEQ2vnTfUTTFC,1987-07-21,12.0
Achtung+Baby,0ta5VdkJcpdVnNrn7g4cZe,Achtung Baby (Deluxe Edition),U2,51Blml2LZPmy7TTiAg47vQ,1991-11-18,26.0
Sticky+Fingers,29m6DinzdaD0OPqWKGyMdz,Sticky Fingers (Remastered),The Rolling Stones,22bE4uQ6baNwSHPVcDxLCe,1971-04-23,10.0
Back+to+Mono+(1958-1969),,,,,,
Moondance,5PfnCqRbdfIDMb1x3MPQam,Moondance,Van Morrison,44NX2ffIYHr6D4n7RaZF7A,1970-02,10.0
Kid+A,6GjwtEZcfenmOf6l18N7T7,Kid A,Radiohead,4Z8W4fKeB5YxbusRsdQVPb,2000-10-02,11.0
Off+the+Wall,2ZytN2cY4Zjrr9ukb2rqTP,Off the Wall,Michael Jackson,3fMbdgg4jU18AjLCKBhRSm,1979-08-10,10.0
[Led+Zeppelin+IV],44Ig8dzqOkvkGDzaUof9lK,Led Zeppelin IV (Deluxe Edition),Led Zeppelin,36QJpDe2go2KgaRleHCDTp,1971-11-08,16.0
The+Stranger,1Mhn9VosyjtWn4dMPFlna6,The Stranger (Legacy Edition),Billy Joel,6zFYqv1mOsgBRQbae3JJ9e,1977,21.0
Graceland,6WgGWYw6XXQyLTsWt7tXky,Graceland (25th Anniversary Deluxe Edition),Paul Simon,2CvCyf1gEVhI0mX6aFXmVI,1986-08-12,17.0
Superfly,5QuvlU7nCUZZJauMvhlWR4,Superfly: Deluxe 25th Anniversary Edition,Curtis Mayfield,2AV6XDIs32ofIJhkkDevjm,1972-07-01,23.0
Physical+Graffiti,26tH0kjUhkxBEd3ipGkx3Y,Physical Graffiti (Deluxe Edition),Led Zeppelin,36QJpDe2go2KgaRleHCDTp,1975-02-24,22.0
After+the+Gold+Rush,,,,,,
Star+Time,2yuTyv0L51qvYuI5RIktlA,Star Time,James Brown,7GaxyUddsPok8BuhxN6OUW,1991-01-01,71.0
Purple+Rain,,,,,,
Back+in+Black,6mUdeDZCsExyJLMdAfDuwh,Back In Black,AC/DC,711MCceyCBcFnzjGY4Q7Un,1980-07-25,10.0
Otis+Blue:+Otis+Redding+Sings+Soul,68BCjMsHX4Gf11BJSkjwGz,Otis Blue: Otis Redding Sings Soul (Collector's Edition),Otis Redding,60df5JBRRPcnSpsIMxxwQm,1965-09-15,40.0
Led+Zeppelin+II,6P5QHz4XtxOmS5EuiGIPut,Led Zeppelin III (Remaster),Led Zeppelin,36QJpDe2go2KgaRleHCDTp,1970,10.0
Imagine,0xzaemKucrJpYhyl7TltAk,Imagine,John Lennon,4x1nvY2FN8jxqAFA0DA02H,1971-09-09,10.0
The+Clash,49kzgMsxHU5CTeb2XmFHjo,The Clash (Remastered),The Clash,3RGLhK1IP9jnYFH4BRFJBS,1977,14.0
Harvest,,,,,,
Axis:+Bold+as+Love,,,,,,
I+Never+Loved+a+Man+the+Way+I+Love+You,5WndWfzGwCkHzAbQXVkg2V,I Never Loved a Man the Way I Love You,Aretha Franklin,7nwUJBm0HE4ZxD3f5cy5ok,1967-03-10,14.0
Lady+Soul,7lEOKZaOpqP70UYqdLPejG,Lady Soul (With Bonus Selections),Aretha Franklin,7nwUJBm0HE4ZxD3f5cy5ok,1968-01-22,14.0
Born+in+the+U.S.A.,0PMasrHdpaoIRuHuhHp72O,Born In The U.S.A.,Bruce Springsteen,3eqjTLE0HfPfh78zjh6TqT,1984-06-04,12.0
The+Wall,5Dbax7G8SWrP9xyzkOvy2F,The Wall,Pink Floyd,0k17h0D3J5VfsdmQ1iZtE9,1979-11-30,26.0
At+Folsom+Prison,4TJIdlY9hGSSTO1kUs1neh,At Folsom Prison,Johnny Cash,6kACVPfCOnqzgfEF5ryl0x,1968-05-01,16.0
Dusty+in+Memphis,6SNMenG3NjZyqgI5p4Hcmg,Dusty In Memphis [Deluxe Edition],Dusty Springfield,5zaXYwewAXedKNCff45U5l,1969-03-31,25.0
Talking+Book,3PResMqFgQYBfzTnqTKwQw,Talking Book,Stevie Wonder,7guDJrEfX3qb6FEbdPA5qi,1972-10-28,10.0
Goodbye+Yellow+Brick+Road,5WupqgR68HfuHt3BMJtgun,Goodbye Yellow Brick Road (Remastered),Elton John,3PhoLpVuITZKcymswpck5b,1973-10-05,17.0
20+Golden+Greats,2MwhKwYfaGXfCMNKJQr6VA,20 Golden Greats: Buddy Holly Lives,Buddy Holly,3wYyutjgII8LJVVOLrGI0D,1974,20.0
"Sign+""Peace""+the+Times",,,,,,
40+Greatest+Hits,6zIYEv6soMoaZiypsHB5dd,40 Greatest Hits,Hank Williams,1FClsNYBUoNFtGgzeG74dW,1978-01-01,40.0
Bitches+Brew,3Q0zkOZEOC855ErOOJ1AdO,Bitches Brew,Miles Davis,0kbYTNQb4Pb1rPbbaF0pT4,1970-04,7.0
Tommy,5cT7ee1sy2oEbFalP4asS4,Tommy,The Who,67ea9eGLXYMsO2eYQRui3w,1969-05-23,24.0
The+Freewheelin'+Bob+Dylan,0o1uFxZ1VTviqvNaYkTJek,The Freewheelin' Bob Dylan,Bob Dylan,74ASZWbe4lXaubB36ztrGX,1963-05-27,13.0
This+Year's+Model,,,,,,
There's+a+Riot+Goin'+On,,,,,,
Odessey+and+Oracle,6XqM4NINcx3oc7NhOUKxXp,Odessey and Oracle,The Zombies,2jgPkn6LuUazBoBk6vvjh5,1968,12.0
In+the+Wee+Small+Hours,3GmwKB1tgPZgXeRJZSm9WX,In The Wee Small Hours,Frank Sinatra,1Mxqyy3pSjf8kZZL4QVxS0,1955,16.0
Fresh+Cream,6iyKqDoL9pRSHUsDBYemlB,Fresh Cream,Cream,74oJ4qxwOZvX6oSsu1DGnw,1966-12-09,11.0
Giant+Steps,7MBQWjukLxXZYvQ8vzEH7t,Giant Steps (Mono),John Coltrane,2hGh5VOeeqimQFxqXvfCUf,1960,7.0
Sweet+Baby+James,1HiG0ukRmFPN13EVcf98Jx,Sweet Baby James (2019 Remaster),James Taylor,0vn7UBvSQECKJm2817Yf1P,1970-02-01,11.0
Modern+Sounds+in+Country+and+Western+Music,4j4w5DDWMKD7ePStAl19OF,"Modern Sounds in Country and Western Music, Vols 1 & 2",Ray Charles,1eYhYunlNJlDoQhtYBvPsi,2009-06-02,24.0
Rocket+to+Russia,7Jb0VtDTacuQdXM3pYyrbv,Rocket to Russia (40th Anniversary Deluxe Edition),Ramones,1co4F2pPNH8JjTutZkmgSm,1977-11-04,77.0
Portrait+of+a+Legend+1951-1964,4jiO2jRz7g50ESvYYKsKwZ,30 Greatest Hits: Portrait of a Legend 1951-1964,Sam Cooke,6hnWRPzGGKiapVX1UCdEAC,2003-06-17,31.0
Hunky+Dory,6fQElzBNTiEMGdIeY0hy5l,Hunky Dory (2015 Remaster),David Bowie,0oSGxfWSnnOXhD2fKuz2Gy,1971-12-17,11.0
Aftermath,72qrnM4yUNMDDlWiqKc8iY,Aftermath,The Rolling Stones,22bE4uQ6baNwSHPVcDxLCe,1966-04-15,11.0
Loaded,2ny1rPsLOoKNFZhMLubMrs,Loaded: Re-Loaded 45th Anniversary Edition,The Velvet Underground,1nJvji2KIlWSseXRSlNYsC,1970,75.0
The+Bends,35UJLpClj5EDrhpNIi4DFg,The Bends,Radiohead,4Z8W4fKeB5YxbusRsdQVPb,1995-03-13,12.0
If+You+Can+Believe+Your+Eyes+and+Ears,76oMr4Y2pOtcrvZLc2ZikF,If You Can Believe Your Eyes & Ears,The Mamas & The Papas,1bs7HoMkSyQwcobCpE9KpN,1966-03,12.0
Court+and+Spark,,,,,,
Disraeli+Gears,3W6CI0Lw7lElAPID2Fd3B4,Disraeli Gears (Deluxe Edition),Cream,74oJ4qxwOZvX6oSsu1DGnw,1967-11,40.0
The+Who+Sell+Out,2JyNDhGhp0hiizSPuUs0i9,The Who Sell Out (Super Deluxe),The Who,67ea9eGLXYMsO2eYQRui3w,2021-04-23,114.0
Out+of+Our+Heads,2Q5MwpTmtjscaS34mJFXQQ,Out Of Our Heads,The Rolling Stones,22bE4uQ6baNwSHPVcDxLCe,1965-07-30,12.0
Layla+and+Other+Assorted+Love+Songs,5iIWnMgvSM8uEBwXKsPcXM,Layla And Other Assorted Love Songs (Remastered 2010),Derek & The Dominos,2rc78XDH9zuJP6bm78lU8Z,1970-11-01,14.0
Late+Registration,5ll74bqtkcXlKE7wwkMq4g,Late Registration,Kanye West,5K4W6rqBFWDnAN6FQUkS6x,2005-08-30,21.0
At+Last!,7rd4PorIOPjPTy7qdUeeCt,At Last!,Etta James,0iOVhN3tnSvgDbcg25JoJb,1960,14.0
Sweetheart+of+the+Rodeo,02XyFDfvHfIwtqOC3o0PcK,Sweetheart Of The Rodeo,The Byrds,1PCZpxHJz7WAMF8EEq8bfc,1968-08-30,19.0
Stand!,7iwS1r6JHYJe9xpPjzmWqD,Stand,Sly & The Family Stone,5m8H6zSadhu1j9Yi04VLqD,1969-05-03,13.0
The+Harder+They+Come,4pNKVvqlhP4PYa7pedAAx7,"The Harder They Come, Pt. 1 (Invasion Tactics)",Various Artists,0LyfQWJT6nXafLPZqxe9Of,2002-02-11,6.0
Raising+Hell,7AFsTiojVaB2I58oZ1tMRg,Raising Hell,Run–D.M.C.,3CQIn7N5CuRDP8wEI7FiDA,1986-05-15,12.0
Moby+Grape,5MTUjDTUWFuyhWW7oRqqmi,Moby Grape (with Bonus Tracks),Moby Grape,0NHSh9S0VQiFfsEFbvhRXN,1967,18.0
Pearl,3j7nicLAWXM0Fb08q9XGyf,Pearl (Legacy Edition),Janis Joplin,4NgfOZCL9Ml67xzM0xzIvC,1971-01-11,29.0
Catch+a+Fire,39kLAVdcgW7jbMcTEaY2qy,Catch A Fire,Bob Marley & The Wailers,2QsynagSdAqZj3U9HgDzjD,1973-04-13,20.0
Younger+Than+Yesterday,33puYJ2y5qANDenRmL8BS1,Younger Than Yesterday,The Byrds,1PCZpxHJz7WAMF8EEq8bfc,1967-02-06,17.0
Raw+Power,,,,,,
Remain+in+Light,3AQgdwMNCiN7awXch5fAaG,Remain in Light (Deluxe Version),Talking Heads,2x9SpqnPi8rlE9pjHBwmSC,1980-10-08,12.0
Marquee+Moon,630o1rKTDsLeIPreOY1jqP,Marquee Moon,Television,0S7Zur2g8YhqlzqtlYStli,1977-02-08,8.0
Paranoid,6r7LZXAVueS5DqdrvXJJK7,Paranoid (Remaster),Black Sabbath,5M52tdBnJaKSvOpJGz8mfZ,1970-09-18,8.0
Saturday+Night+Fever:+The+Original+Movie+Sound+Track,,,,,,
"The+Wild,+the+Innocent+&+the+E+Street+Shuffle",1rmhti8uHw21LnaWMQy608,"The Wild, the Innocent & The E Street Shuffle",Bruce Springsteen,3eqjTLE0HfPfh78zjh6TqT,1973-09-11,7.0
Ready+to+Die,2HTbQ0RHwukKVXAlTmCZP2,Ready to Die (The Remaster),The Notorious B.I.G.,5me0Irg2ANcsgc93uaYrpb,1994-09-13,19.0
Slanted+and+Enchanted,7o14zVcXSRk7clV6QCEdOD,Slanted & Enchanted,Pavement,3inCNiUr4R6XQ3W43s9Aqi,1992-04-20,14.0
Greatest+Hits,6TkVuaQnDOO1cmaxT1Uf9o,One Night Only: Live Greatest Hits,Elton John,3PhoLpVuITZKcymswpck5b,2000-01-01,17.0
Tim,2LJSizYgFPP6gP9O3YDBy1,Tim (Let It Bleed Edition),The Replacements,4WPY0N74T3KUja57xMQTZ3,1985-09-18,65.0
The+Chronic,2V5rhszUpCudPcb01zevOt,The Chronic,Dr. Dre,6DPYiyq5kWVQS4RGwxzPC7,1992-12-15,16.0
Rejuvenation,3OoFKxuziLv3B3NxhEJwOW,Rejuvenation,The Meters,2JRvXPGWiINrnJljNJhG5s,1974,9.0
Parallel+Lines,4M6s2jbhKWEcOdXZ8WiHts,Parallel Lines,Blondie,4tpUmLEVLCGFr93o8hFFIB,1978-09-23,12.0
Live+at+the+Regal,7njGz7ZeDXL6cH3VnflcQ2,Live At The Regal,B.B. King,5xLSa7l4IV1gsQfhAMvl0U,1965,10.0
A+Christmas+Gift+for+You+From+Phil+Spector,,,,,,
Gris-Gris,,,,,,
Straight+Outta+Compton,0Y7qkJVZ06tS2GUCDptzyW,Straight Outta Compton,N.W.A.,4EnEZVjo3w1cwcQYePccay,1988-08-08,13.0
Aja,1hOK2ey9W76x9GnftSRgrw,Aja,Steely Dan,6P7H3ai06vU1sGvdpBwDmE,1977-09-23,7.0
Surrealistic+Pillow,6lPb7Eoon6QPbscWbMsk6a,Surrealistic Pillow,Jefferson Airplane,2qFr8w5sWUITRlzZ9kZotF,1967,17.0
Deja+vu,5bHkK1X4WEOzNvRhehvOcb,Deja Vu,"Crosby, Stills, Nash & Young",1CYsQCypByMVgnv17qsSbQ,1970-03-11,10.0
Houses+of+the+Holy,0GqpoHJREPp0iuXK3HzrHk,Houses of the Holy (Remaster),Led Zeppelin,36QJpDe2go2KgaRleHCDTp,1973-03-28,8.0
Santana,6FbFvnlSfEoNhwz5MdK0Dx,Ultimate Santana,Santana,6GI52t8N5F02MxU0g5U69P,2007-09-25,18.0
Darkness+on+the+Edge+of+Town,4KT6G8fj8EEIfsyr75hbgc,Darkness On the Edge of Town,Bruce Springsteen,3eqjTLE0HfPfh78zjh6TqT,1978-06-02,10.0
Funeral,6ZB8qaR9JNuS0Q0bG1nbcH,Funeral,Arcade Fire,3kjuyTCjPG1WMFCiyc5IuB,2004-06-16,10.0
The+B+52's+/+Play+Loud,,,,,,
The+Low+End+Theory,1p12OAWwudgMqfMzjMvl2a,The Low End Theory,A Tribe Called Quest,09hVIj6vWgoCDtT03h8ZCa,1991-09-24,14.0
Moanin'+in+the+Moonlight,76MT4lqzC1oSvSYnHHjMam,Moanin' In The Moonlight,Howlin' Wolf,0Wxy5Qka8BN9crcFkiAxSR,1958-03-01,12.0
Pretenders,6AFFu3ilmlEDz1I9ZaNOZw,Pretenders,Pretenders,0GByy3DcfbQwDvXGCWmzv9,1980-01-11,26.0
Paul's+Boutique,,,,,,
Closer,1HnxC8MLDciii5LebJ09Ko,Closer (Collector's Edition),Joy Division,432R46LaYsJZV2Gmc4jUV5,1980,21.0
Captain+Fantastic+and+the+Brown+Dirt+Cowboy,4UcpKa4yD9AA3iEHI8MFSF,Captain Fantastic And The Brown Dirt Cowboy,Elton John,3PhoLpVuITZKcymswpck5b,1975-05-19,13.0
Alive!,6TRmLIsPKSPS71Cnq8FiMc,Alive!,KISS,07XSN3sPlIlB2L2XNcTwJw,1975-09-10,16.0
Electric+Warrior,6k1iylSzWOs7SgavxlJ8kt,Electric Warrior [Expanded & Remastered],T. Rex,3dBVyJ7JuOMt4GE9607Qin,1971-09-24,18.0
The+Dock+of+the+Bay,03HMOcANauhLD0WNrMkmLU,The Dock of the Bay (Mono),Otis Redding,60df5JBRRPcnSpsIMxxwQm,1968,11.0
OK+Computer,6dVIqQ8qmQ5GBnJ9shOYGE,OK Computer,Radiohead,4Z8W4fKeB5YxbusRsdQVPb,1997-05-28,12.0
1999,34MHuXONazzgSxI0cThpAg,1999,Prince,5a2EaR3hamoenG9rDuVn8j,1982-10-27,11.0
The+Very+Best+of+Linda+Ronstadt,,,,,,
Let's+Get+It+On,,,,,,
Imperial+Bedroom,1pK8MLyjgvt8pNVkQCBnSg,Imperial Bedroom,Elvis Costello & The Attractions,4qmHkMxr6pTWh5Zo74odpH,1982,15.0
Master+of+Puppets,7CGhx630DIjdJqaBDVKc5j,Master of Puppets (Remastered Deluxe Box Set),Metallica,2ye2Wgw4gimLv2eAKyk1NB,1986-03-03,137.0
My+Aim+Is+True,1aucGNKimhgARC7iO2xLt2,My Aim Is True,Elvis Costello,2BGRfQgtzikz1pzAD0kaEn,1977-07-22,13.0
Exodus,2mBbV0Ad6B4ydHMZlzAY7S,Exodus,Bob Marley & The Wailers,2QsynagSdAqZj3U9HgDzjD,1977-06-03,12.0
Live+at+Leeds,6W3aTLI4B5UsPpWMvhT2W4,Live At Leeds (Expanded Edition),The Who,67ea9eGLXYMsO2eYQRui3w,1970-05-16,14.0
The+Notorious+Byrd+Brothers,5UI2X5VAmgu9xrlXDd5U7B,The Notorious Byrd Brothers,The Byrds,1PCZpxHJz7WAMF8EEq8bfc,1968-01-15,17.0
Every+Picture+Tells+a+Story,4VykjLwkyfKMZVLrJJVrYh,Every Picture Tells A Story,Rod Stewart,2y8Jo9CKhJvtfeKOsYzRdT,1971-05-18,8.0
Something/Anything?,3fRCOoTbBsOITBWlCRCJQr,Something / Anything?,Todd Rundgren,0Lpr5wXzWLtDWm1SjNbpPb,1972,25.0
Desire,1T8usYsiGEMPMQOLFgJEbE,Desire,Bob Dylan,74ASZWbe4lXaubB36ztrGX,1976-01-16,9.0
Close+to+You,1CsuCA05y9r7ftG9bGGtWV,Close To You,Carpenters,1eEfMU2AhEo7XnKgL7c304,1970,12.0
Rocks,4ldiyfqRvKiIasHHuDftuP,Rocks,Aerosmith,7Ey4PD4MYsKc5I2dolUwbH,1976-05-14,9.0
One+Nation+Under+a+Groove,,,,,,
The+Anthology:+1961-1977,,,,,,
The+Definitive+Collection,,,,,,
"The+Rolling+Stones,+Now!",592dKHbXtiglWyt8AEet23,"The Rolling Stones, Now!",The Rolling Stones,22bE4uQ6baNwSHPVcDxLCe,1965-02-13,12.0
Natty+Dread,1d8lF3nZpEIFeEbWmAt9Ey,Natty Dread,Bob Marley & The Wailers,2QsynagSdAqZj3U9HgDzjD,1974,10.0
Fleetwood+Mac,5VIQ3VaAoRKOEpJ0fewdvo,Fleetwood Mac,Fleetwood Mac,08GQAI4eElDnROBrJRGE0X,1975-07-11,11.0
Red+Headed+Stranger,5aEtg4dxdBk4pj6SJ3hNsM,Red Headed Stranger,Willie Nelson,5W5bDNCqJ1jbCgTxDD0Cb3,1975-05-01,15.0
The+Immaculate+Collection,5MzwGwnO9gkh0z6Nl4FF8h,The Immaculate Collection,Madonna,6tbjWDEIzxoDsBA1FuhfPW,1990-11-09,17.0
The+Stooges,0Z1Y5L90NjqUD351YUQWdA,The Stooges,The Stooges,4BFMTELQyWJU1SwqcXMBm3,1969-01-01,26.0
Fresh,5Mtnj5JyvyXR6ui377dBnD,Fresh,Sly & The Family Stone,5m8H6zSadhu1j9Yi04VLqD,1973-06-30,16.0
So,1vJ8rCzq6BJtKGz9Yf6oT3,So (25th Anniversary Deluxe Edition),Peter Gabriel,7C4sUpWGlTy7IANjruj02I,1986-05-19,25.0
Buffalo+Springfield+Again,7hez8jibf36E66GHpFkWz7,Buffalo Springfield Again,Buffalo Springfield,3eskO5m0H4yiF64vRySBjr,1967-10-30,10.0
Happy+Trails,7d9IZA5hVMlRqkRszYt66r,Happy Trails,Quicksilver Messenger Service,7DCnwoFMqGN6eZULdcLZeL,1969,10.0
From+Elvis+in+Memphis,3ekkFrfotMsEAKc5g71GHk,From Elvis in Memphis,Elvis Presley,43ZHCT0cAZBISjO8DG9PnE,1969-06-17,16.0
Fun+House,3FTcomSFg2zWSqWLRgBYpv,Fun House (Deluxe Edition),The Stooges,4BFMTELQyWJU1SwqcXMBm3,1970,21.0
The+Gilded+Palace+of+Sin,6VWKy5o2OcdeWa7yolazjU,The Gilded Palace Of Sin,The Flying Burrito Brothers,0rESpKEusFHxhW59MIf7eM,1969-02-06,11.0
Dookie,4uG8q3GPuWHQlRbswMIRS6,Dookie,Green Day,7oPftvlwr6VrsViSDV7fJY,1994-02-01,15.0
Transformer,5SqbMEyAt8332ISGiLX0St,Transformer,Lou Reed,42TFhl7WlMRXiNqzSrnzPL,1972-12-01,11.0
"Blues+Breakers+With+Eric+Clapton+(""The+Beano+Album"")",,,,,,
"Nuggets:+Original+Artyfacts+From+the+First+Psychedelic+Era,+1965-1968",,,,,,
Murmur,4Mw9Gcu1LT7JaipXdwrq1Q,Murmur,R.E.M.,4KWTAlx2RvbpseOGMEmROg,1983-01-01,12.0
The+Best+of+Little+Walter,2yIkYQJevVxZADVieZX1Bx,The Best Of Little Walter,Little Walter,22JuR9OeENcP54XN5TlNWS,1957-01-07,12.0
Is+This+It,2k8KgmDp9oHrmu0MIj4XDE,Is This It,The Strokes,0epOFNiUfyON9EYx7Tpr6V,2001-07-30,11.0
Highway+to+Hell,10v912xgTZbjAtYfyKWJCS,Highway to Hell,AC/DC,711MCceyCBcFnzjGY4Q7Un,1979-07-27,10.0
The+Downward+Spiral,3nJnyDV8fwFpffo0EyHQto,The Downward Spiral,Nine Inch Nails,0X380XXQSNBYuleKzav5UO,1994-03-08,14.0
"Parsley,+Sage,+Rosemary+and+Thyme",1sh32o99zA04PJIUJUpEj7,"Parsley, Sage, Rosemary And Thyme",Simon & Garfunkel,70cRZdQywnSFp9pnc2WTCE,1966-10-10,12.0
Bad,24TAupSNVWSAHL0R7n71vm,Bad 25th Anniversary,Michael Jackson,3fMbdgg4jU18AjLCKBhRSm,2012-09-18,24.0
Modern+Times,6y2WHyqRUCeHrjMXvjnRmD,Modern Times,Bob Dylan,74ASZWbe4lXaubB36ztrGX,2006-08-29,10.0
Wheels+of+Fire,0zrtTZC7yY2TOEhnbJzSb9,Wheels Of Fire,Cream,74oJ4qxwOZvX6oSsu1DGnw,1968-07-01,13.0
Dirty+Mind,4JsSbaggaprB1AfDylXnxO,Dirty Mind,Prince,5a2EaR3hamoenG9rDuVn8j,1980-10-08,8.0
Abraxas,1CHUXwuge9A7L2KiA3vnR6,Abraxas,Santana,6GI52t8N5F02MxU0g5U69P,1970-09-23,9.0
Tea+for+the+Tillerman,44VxbAytHpVi3Rq8hRhild,Tea For The Tillerman (Remastered 2020),Yusuf / Cat Stevens,08F3Y3SctIlsOEmKd6dnH8,1970-11-23,11.0
Ten,5B4PYA7wNN4WdEXdIJu58a,Ten,Pearl Jam,1w5Kfo2jwwIPruYS2UWh56,1991-08-27,11.0
Everybody+Knows+This+Is+Nowhere,,,,,,
Wish+You+Were+Here,0bCAjiUamIFqKJsekOYuRw,Wish You Were Here,Pink Floyd,0k17h0D3J5VfsdmQ1iZtE9,1975-09-12,5.0
Crooked+Rain+Crooked+Rain,1XFNz6KIvLyIsLFOiLRKqP,"Crooked Rain, Crooked Rain",Pavement,3inCNiUr4R6XQ3W43s9Aqi,1994-02-14,12.0
Tattoo+You,15XNBzVWARPMlu0sEbfBjJ,Tattoo You (2009 Re-Mastered),The Rolling Stones,22bE4uQ6baNwSHPVcDxLCe,1981-08-24,11.0
Proud+Mary:+The+Best+of+Ike+and+Tina+Turner,2UCdfQEDgzWtbzpaD4Mo47,Proud Mary: The Best Of Ike & Tina Turner,Ike & Tina Turner,1ZikppG9dPedbIgMfnfx8k,1991-01-01,23.0
New+York+Dolls,2xbTV0Awe4Qm5caUVuPbMr,New York Dolls,New York Dolls,0WhGV9lzljq2QKJ8ipw6jx,1973-01-01,11.0
Bo+Diddley+/+Go+Bo+Diddley,71lvfHjjLerIFN8ZNSrqIe,Go Bo Diddley,Bo Diddley,2bmixwMZXlkl2sbIbOfviq,1959-07-01,12.0
Two+Steps+From+the+Blues,,,,,,
The+Queen+Is+Dead,5Y0p2XCgRRIjna91aQE8q7,The Queen Is Dead,The Smiths,3yY2gUcIsjMr8hjo51PoJ8,1986-06-16,10.0
Licensed+to+Ill,11oR0ZuqB3ucZwb5TGbZxb,Licensed To Ill,Beastie Boys,03r4iKL2g2442PT9n2UKsx,1986-11-15,13.0
Look-Ka+Py+Py,6mGpQtwteyjKS4Up9tXuND,Look-Ka Py Py,The Meters,2JRvXPGWiINrnJljNJhG5s,1970,12.0
Loveless,3GH4IiI6jQAIvnHVdb5FB6,Loveless,my bloody valentine,3G3Gdm0ZRAOxLrbyjfhii5,1991-11-04,11.0
New+Orleans+Piano,4vQc378UGRZAaJemArhMpv,New Orleans Piano (Mono),Professor Longhair,2RyY5yFlJh6jIPfMDhHgyD,1972,13.0
War,6GaqU0TlYBKHUiSJ0AT9A2,War (Remastered),U2,51Blml2LZPmy7TTiAg47vQ,1983-02-28,10.0
The+Neil+Diamond+Collection,1HikHsp85mIbnhhxj8X1u1,20th Century Masters: The Millennium Collection: Best of Neil Diamond,Neil Diamond,7mEIug7XUlQHikrFxjTWes,1999-03-09,11.0
American+Idiot,5dN7F9DV0Qg1XRdIgW8rke,American Idiot,Green Day,7oPftvlwr6VrsViSDV7fJY,2004-09-21,9.0
Nebraska,6yskFQZNlLYhkchAxELHi6,Nebraska,Bruce Springsteen,3eqjTLE0HfPfh78zjh6TqT,1982-09-30,10.0
Doolittle,0DQyTVcDhK9wm0f6RaErWO,Doolittle,Pixies,6zvul52xwTWzilBZl6BUbT,1989-04-17,15.0
Paid+in+Full,3miZDfDnP7SmOXAJXWdFmz,Paid In Full,Eric B. & Rakim,6jHG1YQkqgojdEzerwvrVv,1987-07-07,12.0
Toys+in+the+Attic,6As5aOEQjfxLIChIB3fQRD,Toys In The Attic,Aerosmith,7Ey4PD4MYsKc5I2dolUwbH,1975-04-08,9.0
Nick+of+Time,6wxpS5o0ty5CLqyH5fIRln,Nick Of Time,Bonnie Raitt,4KDyYWR7IpxZ7xrdYbKrqY,1989,11.0
A+Night+at+the+Opera,6X9k3hSsvQck2OfKYdBbXr,A Night At The Opera (Deluxe Remastered Version),Queen,1dfeR4HaWDbWqFHLkxsg1d,1975-11-21,18.0
The+Kink+Kronikles,5lWh5YPOOuvdlSn5hLDn02,The Kink Kronikles,The Kinks,1SQRv42e4PjEYfPhS0Tk9E,1972-04-10,28.0
Mr.+Tambourine+Man,0pkrqPjeq9K5KD0hFqAKNa,Mr. Tambourine Man,The Byrds,1PCZpxHJz7WAMF8EEq8bfc,1965-06-21,18.0
Bookends,3bzgbgiytguTDnwzflAZr2,Bookends,Simon & Garfunkel,70cRZdQywnSFp9pnc2WTCE,1968-04-03,12.0
The+Ultimate+Collection,,,,,,
Mr.+Excitement!,,,,,,
My+Generation,6Oc6Ok1Oawu8lRkjmD4mXy,My Generation (Stereo Version),The Who,67ea9eGLXYMsO2eYQRui3w,1965-12-03,30.0
Howlin'+Wolf,26TtzBrPdUkHMSTPSbctbl,Howlin' Wolf,Howlin' Wolf,0Wxy5Qka8BN9crcFkiAxSR,1962-01-11,12.0
Like+a+Prayer,48AGkmM7iO4jrELRnNZGPV,Like a Prayer,Madonna,6tbjWDEIzxoDsBA1FuhfPW,1989-03-21,11.0
Can't+Buy+a+Thrill,6DlSUW5gmq6Byc3osKDJ2p,Can't Buy A Thrill,Steely Dan,6P7H3ai06vU1sGvdpBwDmE,1972-11-01,10.0
Let+It+Be,4LwFCUyV4wM6SEg84PaLuL,Let It Be (Expanded),The Replacements,4WPY0N74T3KUja57xMQTZ3,1984,17.0
Run+D.M.C.,,,,,,
Black+Sabbath,4ZLy3U2q17Yjw7jkjXPJQj,Black Sabbath (2014 Remaster),Black Sabbath,5M52tdBnJaKSvOpJGz8mfZ,1970-02-13,5.0
The+Marshall+Mathers+LP,6t7956yu5zYf5A829XRiHC,The Marshall Mathers LP,Eminem,7dGJo4pcD2V6oG8kP0tJRR,2000-05-23,18.0
All+Killer+No+Filler!+The+Jerry+Lee+Lewis+Anthology,,,,,,
Freak+Out!,6qfS5de8GAy1G5tk7tyiof,Freak Out!,The Mothers Of Invention,3P2gYnypDVi90ZavnaAhfL,1966-06-27,15.0
Live/Dead,,,,,,
The+Shape+of+Jazz+to+Come,2iPH3iUmpa9ufIpwY76keF,The Shape Of Jazz To Come,Ornette Coleman,47odibUtrN3lnWx0p0pk2P,1959,6.0
Automatic+for+the+People,0BiNb8HYR4JvuxUa31Z58Q,Automatic For The People,R.E.M.,4KWTAlx2RvbpseOGMEmROg,1992-10-05,12.0
Reasonable+Doubt,3YPK0bNOuayhmSrs0sIIBR,Reasonable Doubt,JAY-Z,3nFkdlSjzX9mRTtwJOzDYB,1996-06-25,15.0
Low,2de6LD7eOW8zrlorbS28na,Low (2017 Remaster),David Bowie,0oSGxfWSnnOXhD2fKuz2Gy,1977,11.0
The+Blueprint,2CUT0104gySOIvqwtXeFsX,The Blueprint 3,JAY-Z,3nFkdlSjzX9mRTtwJOzDYB,2009-09-08,15.0
The+River,6YNIEeDWqC09YIWzhoSVLg,The River,Bruce Springsteen,3eqjTLE0HfPfh78zjh6TqT,1980-10-17,20.0
Complete+&+Unbelievable:+The+Otis+Redding+Dictionary+of+Soul,25uNcuL4dAoV62eKmr8Q0Y,Complete & Unbelievable: The Otis Redding Dictionary of Soul,Otis Redding,60df5JBRRPcnSpsIMxxwQm,1966-10-15,12.0
"Metallica+(""The+Black+Album"")",,,,,,
Trans+Europa+Express,,,,,,
Whitney+Houston,2MH37enG6IPvNK5QFLyKes,Whitney Houston,Whitney Houston,6XpaIBNiVzIetEPCWDvAFP,1985-02-14,10.0
The+Kinks+Are+The+Village+Green+Preservation+Society,0YgkR96bK9JSHcj236W9ZK,The Kinks Are The Village Green Preservation Society (2018 Stereo Remaster),The Kinks,1SQRv42e4PjEYfPhS0Tk9E,1968-11-22,15.0
The+Velvet+Rope,1uFp52Q9EXLNA6DTRYnpTj,The Velvet Rope,Janet Jackson,4qwGe91Bz9K2T8jXTZ815W,1997-10-07,23.0
Stardust,38uGoW7jS8jjJMvZA26sRq,Stardust,Willie Nelson,5W5bDNCqJ1jbCgTxDD0Cb3,1978-04-01,10.0
American+Beauty,2UDDZVesmQwA4aYfa55diS,American Beauty (2013 Remaster),Grateful Dead,4TMHGUX5WI7OOm53PqSDAT,1970-06-01,10.0
"Crosby,+Stills+&+Nash",6vUWpE8qciYHOhf7mgaGny,"Crosby, Stills & Nash","Crosby, Stills & Nash",2pdvghEHZJtgSXZ7cvNLou,1969-05-29,14.0
Tracy+Chapman,6hmmX5UP4rIvOpGSaPerV8,Tracy Chapman,Tracy Chapman,7oPgCQqMMXEXrNau5vxYZP,1988-04-05,11.0
Workingman's+Dead,5C5SWfvEGPnbcasiePuPov,Workingman’s Dead (2023 Mickey Hart Mix),Grateful Dead,4TMHGUX5WI7OOm53PqSDAT,2023-06-13,8.0
The+Genius+of+Ray+Charles,4GFWnwli2cVOBp2G1zqhV1,The Genius Of Ray Charles,Ray Charles,1eYhYunlNJlDoQhtYBvPsi,1959,12.0
Child+Is+Father+to+the+Man,0OhNZ7R4dOqtDPLGp0jBAZ,Child Is Father To The Man,"Blood, Sweat & Tears",24GaH9tRBgZjlvOhpFuKi2,1968-02,15.0
Quadrophenia,2miMVTH3qNA49YD2BUaIWK,Quadrophenia (Super Deluxe Edition),The Who,67ea9eGLXYMsO2eYQRui3w,1973-10-19,42.0
Paul+Simon,7npBPiCHjPj8PVIGPuHXep,Paul Simon,Paul Simon,2CvCyf1gEVhI0mX6aFXmVI,1972-01-14,14.0
Psychocandy,0PnzJO3D4i85ALVJPaDpru,Psychocandy,The Jesus and Mary Chain,4rjlerN21ygkIhmUv55irs,1985-11-18,14.0
Some+Girls,1Jv2AqzhgsduUik2p4k3cS,Some Girls,The Rolling Stones,22bE4uQ6baNwSHPVcDxLCe,1978-06-09,10.0
The+Beach+Boys+Today!,1xPtXzS5yCbDAqC7pxRCaF,The Beach Boys Today! (Remastered),The Beach Boys,3oDbviiivRWhXwIE8hxkVV,1965-03-08,12.0
Dig+Me+Out,3tshnNFNhHrO6NUQ0BHw42,Dig Me Out (Remastered),Sleater-Kinney,4wLIbcoqmqI4WZHDiBxeCB,1997-04-08,13.0
Going+to+a+Go-Go,2NT1Pc0MXlXORHLBkHyKQW,Going To A Go-Go,Smokey Robinson & The Miracles,6TKOZZDd5uV5KnyC5G4MUt,1965-11-01,12.0
Nightbirds,5Zx4eUC5dTg6aufiSLQ6uo,Nightbirds,LaBelle,3DznKagEU8yMQZR9z33Da5,1974-09-13,10.0
The+Slim+Shady+LP,0vE6mttRTBXRe9rKghyr1l,The Slim Shady LP,Eminem,7dGJo4pcD2V6oG8kP0tJRR,1999-02-23,20.0
Mothership+Connection,4q1HNSka8CzuLvC8ydcsD2,Mothership Connection,Parliament,5SMVzTJyKFJ7TUb46DglcH,1975-12-15,7.0
Rhythm+Nation+1814,4OD3LU6001esAtFshDX46M,Rhythm Nation 1814,Janet Jackson,4qwGe91Bz9K2T8jXTZ815W,1989-09-19,20.0
Anthology+of+American+Folk+Music,3SkGQuWlU5svUrN4gmHs4H,The Harry Smith Connection: A Live Tribute to the Anthology of American Folk Music,Various Artists,0LyfQWJT6nXafLPZqxe9Of,1998-08-18,19.0
Aladdin+Sane,3HZKOk1knxrUU3y5ZIOdbz,Aladdin Sane (2013 Remaster),David Bowie,0oSGxfWSnnOXhD2fKuz2Gy,1973-04-13,10.0
All+That+You+Can't+Leave+Behind,7gskILm9UyDvFlmmAoqn2g,All That You Can't Leave Behind,U2,51Blml2LZPmy7TTiAg47vQ,2000-01-01,11.0
My+Life,1OQ5l5rHKqUumPpn559zJC,My Life,Mary J. Blige,1XkoF8ryArs86LZvFOkbyr,1994-01-01,17.0
Folk+Singer,4bi0CKFKviadIaSlkakfN7,Folk Singer (Expanded Edition),Muddy Waters,4y6J8jwRAwO4dssiSmN91R,1964-04-05,14.0
Can't+Get+Enough,,,,,,
The+Cars,4tJPWT4r4FSKwy784Qs1Fq,The Cars,The Cars,6DCIj8jNaNpBz8e5oKFPtp,1978-06-06,9.0
Music+of+My+Mind,7n0bcoRDylRw5PUKn2PlRJ,Music Of My Mind,Stevie Wonder,7guDJrEfX3qb6FEbdPA5qi,1972-03-03,9.0
I'm+Still+in+Love+With+You,,,,,,
Los+Angeles,3OpKtGldm7NzZVVn1LFlYn,Los Angeles (2019 Remaster),X,54NqjhP2rT524Mi2GicG4K,1980-04-26,12.0
Anthem+of+the+Sun,4ZaIo647CyWAgow8oxqajh,Anthem of the Sun,Grateful Dead,4TMHGUX5WI7OOm53PqSDAT,1968,5.0
Something+Else+by+The+Kinks,,,,,,
Call+Me,1hryVGXoRLV9WAhO97xEDJ,Call Me,Al Green,3dkbV4qihUeMsqN4vBGg93,1973,9.0
Talking+Heads:+77,5eqcF7pWzHgWpGdEmHgeSN,Talking Heads '77 (Deluxe Version),Talking Heads,2x9SpqnPi8rlE9pjHBwmSC,1977-09-16,16.0
The+Basement+Tapes,,,,,,
White+Light/White+Heat,0HHmJpwOXXRJu9HI9iQiEO,White Light / White Heat,The Velvet Underground,1nJvji2KIlWSseXRSlNYsC,1968-01-30,6.0
Kick+Out+the+Jams,0kT4F2mSpvTk3stwiaEStp,Kick Out The Jams (Live),MC5,4WquJweZPIK9qcfVFhTKvf,1969,8.0
Songs+of+Love+and+Hate,2Om4oR7plGGub1aYe5uB7B,Songs Of Love And Hate,Leonard Cohen,5l8VQNuIg0turYE1VtM9zV,1971-03-19,8.0
Meat+Is+Murder,5DM1qCdgGt2zbknnsVn1Ca,Meat Is Murder,The Smiths,3yY2gUcIsjMr8hjo51PoJ8,1985-02-11,9.0
We're+Only+in+It+for+the+Money,,,,,,
The+College+Dropout,4Uv86qWpGTxf7fU7lG5X6F,The College Dropout,Kanye West,5K4W6rqBFWDnAN6FQUkS6x,2004-02-10,21.0
Weezer+(Blue+Album),,,,,,
Master+of+Reality,7pGb2cOGVz6vLyaZaKOQ7D,Master of Reality (2014 Remaster),Black Sabbath,5M52tdBnJaKSvOpJGz8mfZ,1971-07-21,8.0
Coat+of+Many+Colors,17CT6ru3CyDXAi6xVaSUzg,Coat Of Many Colors,Dolly Parton,32vWCbZh0xZ4o9gkz4PsEU,1971,10.0
Fear+of+a+Black+Planet,0aFNb4RDk2hmKKLa0bzXNz,Fear Of A Black Planet,Public Enemy,6Mo9PoU6svvhgEum7wh2Nd,1990-04-10,20.0
John+Wesley+Harding,2KzCDxKpgLqBffHu1IZ7Kn,John Wesley Harding,Bob Dylan,74ASZWbe4lXaubB36ztrGX,1967-12-27,12.0
Grace,7yQtjAjhtNi76KRu05XWFS,Grace,Jeff Buckley,3nnQpaTvKb5jCQabZefACI,1994,11.0
Car+Wheels+on+a+Gravel+Road,3iC6dJobZulVXp0F4Bojig,Car Wheels On A Gravel Road,Lucinda Williams,60ht0hWRy1yjUDfNsLuHuP,1998-01-01,13.0
Odelay,1Pus5h1qGedCn4CtOuPVtp,Odelay,Beck,3vbKDsSS70ZX9D2OcvbZmS,1996-06-18,14.0
A+Hard+Day's+Night,,,,,,
Songs+for+Swingin'+Lovers!,4kca7vXd1Wo5GE2DMafvMc,Songs For Swingin' Lovers! (Remastered),Frank Sinatra,1Mxqyy3pSjf8kZZL4QVxS0,1956-03,15.0
Willy+and+the+Poor+Boys,31q47gQszFt0CddSyMksgO,Willy And The Poor Boys (Expanded Edition),Creedence Clearwater Revival,3IYUhFvPQItj6xySrBmZkd,1969-11-02,13.0
Blood+Sugar+Sex+Magik,30Perjew8HyGkdSmqguYyg,Blood Sugar Sex Magik (Deluxe Edition),Red Hot Chili Peppers,0L8ExT028jH3ddEcZwqJJ5,1991-09-24,19.0
The+Sun+Records+Collection,6gpxnJu7mXPcQqjImIAxM5,Sun Records: The 50th Anniversary Collection,Various Artists,0LyfQWJT6nXafLPZqxe9Of,2002-07-22,44.0
Nothing's+Shocking,,,,,,
MTV+Unplugged+in+New+York,1To7kv722A8SpZF789MZy7,MTV Unplugged In New York,Nirvana,6olE6TJLqED3rqDCT0FyPh,1994-11-01,14.0
The+Miseducation+of+Lauryn+Hill,1BZoqf8Zje5nGdwZhOjAtD,The Miseducation of Lauryn Hill,Ms. Lauryn Hill,2Mu5NfyYm8n5iTomuKAEHl,1998-08-25,16.0
Damn+the+Torpedoes,708Whrc4abJEtqBINv9S2b,Damn The Torpedoes (Deluxe Edition),Tom Petty and the Heartbreakers,4tX2TplrkIP4v05BNC903e,1979-10-19,18.0
The+Velvet+Underground,4xwx0x7k6c5VuThz5qVqmV,The Velvet Underground & Nico 45th Anniversary,The Velvet Underground,1nJvji2KIlWSseXRSlNYsC,1967-03-12,11.0
Surfer+Rosa,50j4Wm1b9hLpSpPIA39Vp9,Surfer Rosa,Pixies,6zvul52xwTWzilBZl6BUbT,1988-03-21,13.0
Back+Stabbers,,,,,,
Burnin',5EZMcYc3xK0rlru83kHpUe,Burnin' (Deluxe Edition),Bob Marley & The Wailers,2QsynagSdAqZj3U9HgDzjD,1973-10-19,27.0
Amnesiac,1HrMmB5useeZ0F5lHrMvl0,Amnesiac,Radiohead,4Z8W4fKeB5YxbusRsdQVPb,2001-03-12,11.0
Pink+Moon,5mwOo1zikswhmfHvtqVSXg,Pink Moon,Nick Drake,5c3GLXai8YOMid29ZEuR9y,1972-02-25,11.0
Sail+Away,7ojNQckNp7Tj2BkLJCiiUL,Sail Away (Expanded & Remastered Edition),Randy Newman,3HQyFCFFfJO3KKBlUfZsyW,1972-05-01,17.0
Ghost+in+the+Machine,5jkwdY6jS1Hzi8epr6HW7h,Ghost In The Machine (Remastered 2003),The Police,5NGO30tJxFlKixkPSgXcFE,1981-10-02,11.0
Station+to+Station,0MWrKayUshRuT8maG4ZAOU,Station to Station (2016 Remaster),David Bowie,0oSGxfWSnnOXhD2fKuz2Gy,1976-01-23,6.0
Slowhand,5MAL7e4EnKXW1hFg6NbFqP,Slowhand 35th Anniversary (Super Deluxe),Eric Clapton,6PAt558ZEZl0DmdXlnjMgD,1977-11-01,27.0
Disintegration,6vQB3ZBxnQPP3jQcGV2qzg,Disintegration (Deluxe Edition),The Cure,7bu3H8JO7d0UbMoVzbo70s,1989-05-02,44.0
Exile+in+Guyville,7sCpW2cLGcRk1zf9zi0Yqd,Exile In Guyville (2018 Remaster),Liz Phair,2LXeJdQVcFkhkWydphLI74,1993-06-22,18.0
Daydream+Nation,23O4F21GDWiGd33tFN3ZgI,Daydream Nation (Deluxe Edition),Sonic Youth,5UqTO8smerMvxHYA5xsXb6,1988-10-04,34.0
In+the+Jungle+Groove,4IxN6AdKM6psncLNIwLWUs,In The Jungle Groove,James Brown,7GaxyUddsPok8BuhxN6OUW,1986-08-25,9.0
Tonight's+the+Night,,,,,,
Help!,0PT5m6hwPRrpBwIHVnvbFX,Help! (Remastered),The Beatles,3WrFJ7ztbogyGnTHbHJFl2,1965-08-06,14.0
Shoot+Out+the+Lights,4xX94uM6Kf972DJurGKnbb,Shoot Out The Lights,Richard & Linda Thompson,4hw4TPMyAzHqNBcWtoDrK5,1982,8.0
Wild+Gift,2ECSVdWu5RCvYqIRGA0pyR,Wild Gift,X,54NqjhP2rT524Mi2GicG4K,1981-05-05,13.0
Squeezing+Out+Sparks,,,,,,
Superunknown,29sTacnS0qA9xri6YS8xLA,Superunknown (Deluxe Edition),Soundgarden,5xUf6j4upBrXZPg6AI4MRK,1994-03-09,32.0
In+Rainbows,5vkqYmiPBYLaalcmjujWxK,In Rainbows,Radiohead,4Z8W4fKeB5YxbusRsdQVPb,2007-12-28,10.0
Aqualung,0NGM3Ftwjw0dLNpAowmz3x,Aqualung (Special Edition),Jethro Tull,6w6z8m4WXX7Tub4Rb6Lu7R,1971-03-19,14.0
Cheap+Thrills,2rogKfOpmCFuqNhtGKf2dX,Cheap Thrills,Big Brother & The Holding Company,4J69yWrKwWJgjv3DKTZcGo,1968-08-12,11.0
The+Heart+of+Saturday+Night,2fnWxy7UoIazBiewjgchvm,The Heart Of Saturday Night (Remastered),Tom Waits,7x83XhcMbOTl1UdYsPTuZM,1974-10-15,11.0
Damaged,34aFnrFRBlErcbU6moRZR3,Damaged,Black Flag,5Mhs3Eu8lU6sRCtRYsmABV,1981,15.0
Play,724hO8VLcKOz9b0y18wA8c,Play & Play: B Sides,Moby,3OsRAKCvk37zwYcnzRf5XF,2008-06-02,29.0
Violator,5g3Yi15plTSMaq6tYiuw8p,Violator (2006 Remaster),Depeche Mode,762310PdDnwsDxAQxzQkfX,1990-03-19,15.0
Bat+Out+of+Hell,6mvI80w5r78niBmwtu7RF9,Bat Out Of Hell,Meat Loaf,7dnB1wSxbYa8CejeVg98hz,1977-10-21,7.0
Berlin,4iaDgkP0M6ahEHrBynAFei,Berlin,Lou Reed,42TFhl7WlMRXiNqzSrnzPL,1973-07-01,10.0
Stop+Making+Sense,4FR8Z6TvIsC56NLyNomNRE,Stop Making Sense (Live),Talking Heads,2x9SpqnPi8rlE9pjHBwmSC,1984,16.0
3+Feet+High+and+Rising,34LxHI9x14qXUOS8AWRrYD,3 Feet High and Rising,De La Soul,1Z8ODXyhEBi3WynYw0Rya6,1989-03-03,23.0
The+Piper+at+the+Gates+of+Dawn,2Se4ZylF9NkFGD92yv1aZC,The Piper at the Gates of Dawn,Pink Floyd,0k17h0D3J5VfsdmQ1iZtE9,1967-08-05,11.0
Muddy+Waters+at+Newport+1960,7gTcPv1bE0THbjuvDbK1gq,Muddy Waters At Newport 1960,Muddy Waters,4y6J8jwRAwO4dssiSmN91R,1960-11-15,13.0
The+Black+Album,4FWvo9oS4gRgHtAwDwUjiO,The Black Album,JAY-Z,3nFkdlSjzX9mRTtwJOzDYB,2003-11-14,14.0
Roger+the+Engineer,3s6wTRMDispMa4gCd26FPc,Roger the Engineer,The Yardbirds,2lxX1ivRYp26soIavdG9bX,1966-07-15,31.0
Rust+Never+Sleeps,,,,,,
Brothers+in+Arms,7jvcSnCnugLcisBCNBm60s,Brothers in Arms,Dire Straits,0WwSkZ7LtFUFjGjMZBMt6T,1985-05-13,9.0
My+Beautiful+Dark+Twisted+Fantasy,20r762YmB5HeofjMCiPMLv,My Beautiful Dark Twisted Fantasy,Kanye West,5K4W6rqBFWDnAN6FQUkS6x,2010-11-22,13.0
52nd+Street,1HmCO8VK98AU6EXPOjGYyI,52nd Street,Billy Joel,6zFYqv1mOsgBRQbae3JJ9e,1978-10-13,9.0
Having+a+Rave+Up,5SC92pfXSbQvZjgfk0oGno,Having a Rave Up with The Yardbirds (2015 Remaster),The Yardbirds,2lxX1ivRYp26soIavdG9bX,1965,10.0
12+Songs,3HhJGNadZnFCkAYrPgSuVR,12 Songs,Randy Newman,3HQyFCFFfJO3KKBlUfZsyW,1970,12.0
Between+the+Buttons,36BIYdP4WtviD9Ngqc4SK5,Between The Buttons,The Rolling Stones,22bE4uQ6baNwSHPVcDxLCe,1967-01-20,12.0
Sketches+of+Spain,4Gg3siRefHW8r2CndJxIiJ,Sketches Of Spain 50th Anniversary (Legacy Edition),Miles Davis,0kbYTNQb4Pb1rPbbaF0pT4,1960-07-18,17.0
Honky+ChÃÂteau,,,,,,
Singles+Going+Steady,6TxgQwGrbG3XZLNPOEhg7E,Singles Going Steady,Buzzcocks,2DxlS3lTLFIq70S7ap5H3y,1979,24.0
Stankonia,2tm3Ht61kqqRZtIYsBjxEj,Stankonia,Outkast,1G9G7WwrXka3Z1r7aIDjI7,2000-10-31,24.0
Siamese+Dream,0bQglEvsHphrS19FGODEGo,Siamese Dream (Deluxe Edition),The Smashing Pumpkins,40Yq4vzPs9VNUrIBG5Jr2i,1993,31.0
Substance+1987,,,,,,
L.A.+Woman,7IKUTIc9UWuVngyGPtqNHS,L.A. Woman,The Doors,22WZ7M8sxp5THdruNY3gXt,1971-04-19,10.0
Rage+Against+the+Machine,4Io5vWtmV1rFj4yirKb4y4,Rage Against The Machine - XX (20th Anniversary Special Edition),Rage Against The Machine,2d0hyoQ5ynDBnkvAbJKORj,1992,25.0
American+Recordings,19rYWxZfMdEOxTDODFjLyb,American Recordings,Johnny Cash,6kACVPfCOnqzgfEF5ryl0x,1994-01-01,13.0
Ray+of+Light,6cuNyrSmRjBeekioLdLkvI,Ray of Light,Madonna,6tbjWDEIzxoDsBA1FuhfPW,1998-03-03,13.0
Eagles,51B7LbLWgYLKBVSpkan8Z7,Eagles (2013 Remaster),Eagles,0ECwFtbIWEVNwjlrfc6xoL,1972-06-01,10.0
Louder+Than+Bombs,45StnugV9WQMQwk4rRoTy8,Louder Than Bombs,The Smiths,3yY2gUcIsjMr8hjo51PoJ8,1987,24.0
Mott,3ApRy4edE6ZYi081aFpq4s,Mott (Expanded Edition),Mott The Hoople,6ysQi6NI88X627t2srsWz6,1973,13.0
"Whatever+People+Say+I+Am,+That's+What+I'm+Not",,,,,,
Reggatta+de+Blanc,2EpuND32cO7CX0gXZl2NB6,Reggatta De Blanc (Remastered 2003),The Police,5NGO30tJxFlKixkPSgXcFE,1979-10-02,11.0
Volunteers,5SxBU3zQaLOq5eapsG3jFQ,Volunteers,Jefferson Airplane,2qFr8w5sWUITRlzZ9kZotF,2004-06-18,15.0
Siren,5Tpor3YZBVEJ9tWD5L31mH,Siren,Roxy Music,3fhOTtm0LBJ3Ojn4hIljLo,1975-10-01,9.0
Late+for+the+Sky,0aiTqo8YZI0dKDgcCnkkzP,Late for the Sky (Remastered),Jackson Browne,5lkiCO9UQ8B23dZ1o0UV4m,1974,8.0
Post,2Ul7B1LEHxXzYubtkTMENs,Post,Björk,7w29UYBi0qsHi5RTcv3lmA,1995-06-13,11.0
The+Ultimate+Collection:+1948-1990,,,,,,
(What's+the+Story)+Morning+Glory?,6tOe4eAF8xNhEkl9WyvsE4,(What's The Story) Morning Glory? (Deluxe Remastered Edition),Oasis,2DaxqgrOhkeH0fpeiQq2f4,1995,40.0
CrazySexyCool,5eg56dCpFn32neJak2vk0f,Crazysexycool,TLC,0TImkz4nPqjegtVSMZnMRq,1994-11-15,16.0
Funky+Kingston,7a341nZsSfwyBsq1tMPETz,Funky Kingston,Toots & The Maytals,6ZFv3wQwwWPiVDWhv0mjQK,1973-01-01,10.0
The+Smile+Sessions,01TG7VOg4F90jXv3a1yCgA,The Smile Sessions,The Beach Boys,3oDbviiivRWhXwIE8hxkVV,2011-01-01,40.0
The+Modern+Lovers,7ro1W6lc4tuTaRyA8rnVm1,The Modern Lovers (Expanded Version),The Modern Lovers,2eRdPaLHWAL4d1WcNUO9Vz,1976-09-01,17.0
More+Songs+About+Buildings+and+Food,01RJdKvXyz515O37itqMIJ,More Songs About Buildings and Food (Deluxe Version),Talking Heads,2x9SpqnPi8rlE9pjHBwmSC,1978-07-14,15.0
A+Quick+One,6f4mqM3RNAfO1t6XeeUa8P,A Quick One (Expanded Edition),The Who,67ea9eGLXYMsO2eYQRui3w,1966-12-09,20.0
"""Love+and+Theft""",4BcfuxQ4EO07Y53yr6YhAJ,Love And Theft,Bob Dylan,74ASZWbe4lXaubB36ztrGX,2001-09-11,12.0
Pretzel+Logic,4XfN871nBIz6obaUDEzZXm,Pretzel Logic,Steely Dan,6P7H3ai06vU1sGvdpBwDmE,1974-02-20,11.0
Enter+the+Wu_Tang:+36+Chambers,3tQd5mwBtVyxCoEo4htGAV,Enter The Wu-Tang (36 Chambers) [Expanded Edition],Wu-Tang Clan,34EP7KEpOjXcM2TCat1ISk,1993-11-09,15.0
The+Indestructible+Beat+of+Soweto,1DIr8JMRBnm1cZMYIGKb8t,The Indestructible Beat of Soweto - Volume One,Various Artists,0LyfQWJT6nXafLPZqxe9Of,1985-04-16,12.0
The+End+of+the+Innocence,12lDqJuZIqMk6DNe1fInFl,The End Of The Innocence,Don Henley,5dbuFbrHa1SJlQhQX9OUJ2,1989-06-27,10.0
Elephant,6D9urpsOWWKtYvF6PaorGE,Elephant,The White Stripes,4F84IBURUo98rz4r61KF70,2003-04-01,14.0
The+Pretender,1AqUcQKtf2AQ6rFRKIBei8,The Pretender,Jackson Browne,5lkiCO9UQ8B23dZ1o0UV4m,1977-08-30,8.0
Let+It+Be,0jTGHV5xqHPvEcwL8f6YU5,Let It Be (Remastered),The Beatles,3WrFJ7ztbogyGnTHbHJFl2,1970-05-08,12.0
Kala,2xoj2gYed3IYmGWn3owSfu,Kala,M.I.A.,0QJIPDAEDILuo8AIq3pMuU,2007-08-20,12.0
Good+Old+Boys,4UY90kcO4N9ZPBl4xPLvvU,Good Old Boys,Randy Newman,3HQyFCFFfJO3KKBlUfZsyW,1974,13.0
Sound+of+Silver,1R8kkopLT4IAxzMMkjic6X,Sound of Silver,LCD Soundsystem,066X20Nz7iquqkkCW6Jxy6,2007-03-12,9.0
For+Your+Pleasure,6gKMWnGptVs6yT2MgCxw29,For Your Pleasure,Roxy Music,3fhOTtm0LBJ3Ojn4hIljLo,1973-03-01,8.0
Blue+Lines,5mAPk4qeNqVLtNydaWbWlf,Blue Lines (2012 Mix/Master),Massive Attack,6FXMGgJwohJLUSr5nVlf9X,1991-06-10,9.0
Eliminator,5LMGAYhn2ywaxGZdtmXGpw,Eliminator,ZZ Top,2AM4ilv6UzW0uMRuqKtDgN,1983-03-23,11.0
Rain+Dogs,51CvLH7MxsLuFgTwVvzApx,Rain Dogs (2023 Remaster),Tom Waits,7x83XhcMbOTl1UdYsPTuZM,1985,19.0
Anthology:+The+Best+of+The+Temptations,,,,,,
Californication,2Y9IRtehByVkegoD7TcLfi,Californication (Deluxe Edition),Red Hot Chili Peppers,0L8ExT028jH3ddEcZwqJJ5,1999-06-08,18.0
Illmatic,3kEtdS2pH6hKcMU9Wioob1,Illmatic,Nas,20qISvAhX20dpIbOOzGK3q,1994-04-19,10.0
(pronounced+'leh-'nerd+'skin-'nerd),6DExt1eX4lflLacVjHHbOs,Pronounced' Leh-'Nerd 'Skin-'Nerd,Lynyrd Skynyrd,4MVyzYMgTwdP7Z49wAZHx0,1973-01-01,8.0
Dr.+John's+Gumbo,,,,,,
Radio+City,3mtVgumHx6y9I2UvW4lUd5,Radio City,Big Star,3UvcmAOZt64oKpP95f6MMM,1974,12.0
Rid+of+Me,2fDJpBJhtloxzUENHlU9JB,Rid Of Me,PJ Harvey,12VaqyEhgwDRuFfEqbnrpz,1993-01-01,14.0
Sandinista!,2UxN3UKyS3Z5r0Sra8A5RF,Sandinista! (Remastered),The Clash,3RGLhK1IP9jnYFH4BRFJBS,1980,36.0
I+Do+Not+Want+What+I+Haven't+Got,,,,,,
Strange+Days,6v5IVMmY1IvWtbfnQoiFSf,Strange Days,The Doors,22WZ7M8sxp5THdruNY3gXt,1967-09-25,10.0
Time+Out+of+Mind,185DHT5SvszXRrezx3lOjt,Time Out Of Mind,Bob Dylan,74ASZWbe4lXaubB36ztrGX,1997-09-30,11.0
461+Ocean+Boulevard,73cxqemPE6sVoCkwRuPU6E,461 Ocean Boulevard,Eric Clapton,6PAt558ZEZl0DmdXlnjMgD,1974-07-01,10.0
Pink+Flag,4WXqZZ28geJSPtqLcCF56L,Pink Flag (2006 Remastered Version),Wire,2i8ynmFv4qgRksyDlBgi6d,1977-11-01,21.0
Double+Nickels+on+the+Dime,5viZ5HyYtV0wafK7DoXmgF,Double Nickels on the Dime,Minutemen,0z6zRFzl5njXWLVAisXQBz,1984-07-24,43.0
Beauty+and+the+Beat,,,,,,
Van+Halen,7DdEbYFPKTZ8KB4z6L4UnQ,Van Halen (Remastered),Van Halen,2cnMpRsOVqtPMfq7YiFE6K,1978-02-10,11.0
Mule+Variations,7cAcex6xw4fP67ltgn1gm3,Mule Variations (Remastered),Tom Waits,7x83XhcMbOTl1UdYsPTuZM,1999-04-27,16.0
Boy,4YCjEFs1aDmcilTMbqMwjY,Boy (Deluxe Edition Remastered),U2,51Blml2LZPmy7TTiAg47vQ,1980-10-20,25.0
Band+on+the+Run,,,,,,
Dummy,3539EbNgIdEDGBKkUf4wno,Dummy,Portishead,6liAMWkVf5LH7YR9yfFy1Y,1994-01-01,11.0
"The+""Chirping""+Crickets",,,,,,
"The+Best+of+the+Girl+Groups,+Volume+1",,,,,,
Presenting+the+Fabulous+Ronettes+Featuring+Veronica,0CoNLgOwcZGBUSwd9fAZuy,Presenting the Fabulous Ronettes Featuring Veronica,The Ronettes,7CyeXFnOrfC1N6z4naIpgo,1964-11-01,12.0
Anthology,5gX0Oedkr1IgRO8OXhUR5k,Anthology,Diana Ross & The Supremes,0rXI0q8Cahq6numvPlloaq,2002-03-21,50.0
The+Rising,23vzCh5cDn0LzdGmGWrT1d,The Rising,Bruce Springsteen,3eqjTLE0HfPfh78zjh6TqT,2002-07-30,15.0
Grievous+Angel,6UQujMGmR5MbFsML9amCuN,Grievous Angel,Gram Parsons,1KA3WXYMPLxomNuoE22LYd,1974,9.0
Cheap+Trick+at+Budokan,,,,,,
Sleepless,6XZwHDglhO4A0C5Pa4xO4Q,Sleepless,Peter Wolf,003kZCrZhoxCckVJ2jCiJC,2002-09-10,12.0
Outlandos+d'Amour,,,,,,
Another+Green+World,6uoeezh45SYEb8lcT8gDTY,Another Green World,Brian Eno,7MSUfLeTdDEoZiJPDSBXgi,1975-09-01,14.0
Vampire+Weekend,7n8NJkGKAl2np1bXiRn0CY,Vampire Weekend,Vampire Weekend,5BvJzeQpmsdsFp4HGUYUEx,2008-01-29,11.0
"Stories+From+the+City,+Stories+From+the+Sea",0hBWhJEmVyNPG2Jq71CJXz,"Stories From The City, Stories From The Sea",PJ Harvey,12VaqyEhgwDRuFfEqbnrpz,2000-01-01,12.0
Here+Come+the+Warm+Jets,74jn28Kr29iyh8eZXSvnwi,Here Come The Warm Jets,Brian Eno,7MSUfLeTdDEoZiJPDSBXgi,1973,10.0
All+Things+Must+Pass,7j7lsExGJtBHLgDYzjclwk,All Things Must Pass (2014 Remaster),George Harrison,7FIoB5PHdrMZVC3q2HE5MS,1970-11-20,28.0
#1+Record,1BumwwIEw1EC3xAHyf1ive,#1 Record,Big Star,3UvcmAOZt64oKpP95f6MMM,1972,12.0
In+Utero,6ohX7moZZnF1FwYrli1OJ6,In Utero (Deluxe Edition),Nirvana,6olE6TJLqED3rqDCT0FyPh,1993-09-21,43.0
Sea+Change,5ieP11rJQvuYz0Ov3k03cy,Sea Change,Beck,3vbKDsSS70ZX9D2OcvbZmS,2002-01-01,12.0
Tha+Carter+III,5BGzOpea6At0Nd7tYtYZOP,Tha Carter III,Lil Wayne,55Aa2cqylxrFIXC767Z865,2008-06-10,16.0
Boys+Don't+Cry,,,,,,
"Live+at+the+Harlem+Square+Club,+1963",3nTXqOEHr6AfTb1WSaB4Pm,"One Night Stand - Sam Cooke Live At The Harlem Square Club, 1963",Sam Cooke,6hnWRPzGGKiapVX1UCdEAC,1963-08-16,10.0
Rum+Sodomy+&+the+Lash,2wRH4pcI8TIQFCK1MeByWO,Rum Sodomy & The Lash (Expanded Edition),The Pogues,2wzMOQwNT6ZvVB4amvhFAH,1985,18.0
Suicide,6Ai24Lo0hWZXWl6xwwgx4k,The Suicide Machines,The Suicide Machines,31v7ijnAMVL9V7Uzr1sFcI,2000-01-01,14.0
Q:+Are+We+Not+Men?+A:+We+Are+Devo!,1u2Qni8cVRptDTaA00fmBC,Q: Are We Not Men? A: We Are Devo!,DEVO,0UKfenbZb15sqhfPC6zbt3,1978,11.0
In+Color,2sXJQdHykPYcRQ7xFhwzMR,In Color,Cheap Trick,1LB8qB5BPb3MHQrfkvifXU,1977-09,10.0
The+World+Is+a+Ghetto,4UZmpGH8kpAgyZ2yqQ8sP9,The World is a Ghetto,War,3ICyfoySNDZqtBVmaBT84I,1972-11-01,6.0
Fly+Like+an+Eagle,0fjJOLqG3v7vXRYhz2wxPC,Fly Like An Eagle,Steve Miller Band,6QtGlUje9TIkLrgPZrESuk,1976-01-01,12.0
Back+in+the+USA,67NkpPGMcxoIiumOW3oRpL,Back In The USA,MC5,4WquJweZPIK9qcfVFhTKvf,1970,11.0
Getz+/+Gilberto,,,,,,
Synchronicity,5W9OT0a5iZlBr83a9WMKFY,Synchronicity (Remastered 2003),The Police,5NGO30tJxFlKixkPSgXcFE,1983-06-17,11.0
Third/Sister+Lovers,,,,,,
For+Everyman,12X80pgkHSjMDgAAS0HBdr,For Everyman,Jackson Browne,5lkiCO9UQ8B23dZ1o0UV4m,1973,10.0
Back+to+Black,0E4xv5gPjykrwBgBZzI8XG,Back To Black (Deluxe Edition),Amy Winehouse,6Q192DXotxtaysaqNPy5yR,2006,19.0
John+Prine,5t4FHrIAHI8nolSAOBRgPp,John Prine,John Prine,0nJUwPwC9Ti4vvuJ0q3MfT,1971,13.0
Strictly+Business,2HOl8gDiGGpt7wsIDi9jy5,Strictly Business,EPMD,3zpKjsMg2gw1St5WcWoUJN,1988-06-07,10.0
Love+It+to+Death,6p7jHbG5Bd6z2JgfKx0um7,Love It to Death,Alice Cooper,3EhbVgyfGd7HkpsagwL9GS,1971,9.0
How+Will+the+Wolf+Survive?,5dl01XDIMXrmjJ22obqfhQ,How Will the Wolf Survive?,Los Lobos,6OWapcJm9xd55ci9CYbAuT,1984-10-17,11.0
"Here,+My+Dear",1iVf41qWHZsAk9DwY43WnV,"Here, My Dear",Marvin Gaye,3koiLjNrgRTNbOwViDipeA,1978-12-15,14.0
Z,1UgdV58y1OX2oiTBbTFvlh,Z,My Morning Jacket,43O3c6wewpzPKwVaGEEtBM,2005-10-04,10.0
Tumbleweed+Connection,03zfU3IwWmymKoaWnwFNaY,Tumbleweed Connection,Elton John,3PhoLpVuITZKcymswpck5b,1970-10-30,12.0
The+Drifters'+Golden+Hits,4PfgUTGoURqbID40xeSIRP,The Drifters' Golden Hits (Mono),The Drifters,1FqqOl9itIUpXr4jZPIVoT,2021-06-25,12.0
Live+Through+This,2Rwf2nPYZQ9aIe4QXACTC7,Live Through This,Hole,5SHQUMAmEK5KmuSb0aDvsn,1994-01-01,12.0
Metal+Box,,,,,,
Document,6gMv3MgFlieOM6Uz5GZBzy,Document (R.E.M. No. 5),R.E.M.,4KWTAlx2RvbpseOGMEmROg,1987-09-01,11.0
Heaven+Up+Here,29rkfL25uKOkVOhyr1CmXJ,Heaven up Here,Echo & the Bunnymen,0fgYKF9Avljex0L9Wt5b8Z,1981-05-30,11.0
Hysteria,31oeDyCOLhgeZyktfxo0pE,Hysteria (Super Deluxe),Def Leppard,6H1RjVyNruCmrBEWRbD0VZ,1987-08-03,47.0
69+Love+Songs,2GuROKcqyHdpIDcgxml1C7,69 Love Songs,The Magnetic Fields,6RWjTQqILL7a1tQ0VapyLK,1999-09-14,69.0
A+Rush+of+Blood+to+the+Head,0RHX9XECH8IVI3LNgWDpmQ,A Rush of Blood to the Head,Coldplay,4gzpq5DPGxSnKTe4SA8HAU,2002-08-08,11.0
Tunnel+of+Love,5Qcef60m4gcckV24PmPYVq,Tunnel Of Love,Bruce Springsteen,3eqjTLE0HfPfh78zjh6TqT,1987-10-09,12.0
The+Paul+Butterfield+Blues+Band,785WNIAl2zC3OZ6XHjFaIG,The Paul Butterfield Blues Band,The Paul Butterfield Blues Band,6kz7WuPaUa4QVreP27I33i,1965,11.0
The+Score,18XFe4CPBgVezXkxZP6rTb,The Score (Expanded Edition),Fugees,2WKdxPFRD7IqZvlIAvhMgY,1996-02-13,17.0
Radio,4sevefzBUFvJYAzijVBQ2a,Radio,LL COOL J,1P8IfcNKwrkQP5xJWuhaOC,1985-11-18,11.0
I+Want+to+See+the+Bright+Lights+Tonight,1K1Qdd60pW48wEgWGQLeRt,I Want To See The Bright Lights Tonight,Richard & Linda Thompson,4hw4TPMyAzHqNBcWtoDrK5,1974,13.0
Faith,34K1Kvskt9arWy8E1Gz3Lw,Faith,George Michael,19ra5tSw0tWufvUp8GotLo,1987-10-30,10.0
The+Smiths,6cI1XoZsOhkyrCwtuI70CN,The Smiths,The Smiths,3yY2gUcIsjMr8hjo51PoJ8,1984-02-20,11.0
Proxima+estacion:+Esperanza,4t1LLdXiWTfoywqricztFo,Próxima Estación: Esperanza,Manu Chao,6wH6iStAh4KIaWfuhf0NYM,2001-06-01,17.0
Armed+Forces,5w3q6GZbw0gsAtvl1c0rmu,Armed Forces (Remastered 2020),Elvis Costello & The Attractions,4qmHkMxr6pTWh5Zo74odpH,2020-11-06,13.0
Life+After+Death,7dRdaGSxgcBdJnrOviQRuB,Life After Death (2014 Remastered Edition),The Notorious B.I.G.,5me0Irg2ANcsgc93uaYrpb,1997-03-04,24.0
Down+Every+Road,40Wi0Ej08sw9B4URIOabOI,Down Every Road 1962-1994,Merle Haggard,2ptmyXoL7poH6Zq62h1QT9,1996-01-01,100.0
All+Time+Greatest+Hits,1xszIYZw0waqfnGk6le7hg,All Time Greatest Hits,Loretta Lynn,1FE0rls8gfQT3laAeRYNgl,2002-01-01,22.0
Maggot+Brain,3ywVzrwMQ3Kq43N9zBdBQm,Maggot Brain,Funkadelic,450o9jw6AtiQlQkHCdH6Ru,1971-07-12,7.0
Only+Built+4+Cuban+Linx,7btiyhWzUfzxN3ijSiBpC8,Only Built 4 Cuban Linx...,Raekwon,2yQf6b8hxahZaT5dHlWaB1,1995,18.0
Voodoo,,,,,,
Guitar+Town,3bEnaGjQRqfoqNkAQtO1Uy,Guitar Town,Steve Earle,2UBTfUoLI07iRqGeUrwhZh,1986-01-01,10.0
Entertainment!,7LMOo068Ndv0wjTGUDtYqK,Entertainment!,Gang Of Four,3AmWjMXXtBJOmNGpUFSOAl,1979-09-25,12.0
All+the+Young+Dudes,3LdlOZcV0dp7ePBXe2KAGa,All The Young Dudes (Expanded Edition),Mott The Hoople,6ysQi6NI88X627t2srsWz6,1972,16.0
Vitalogy,5pd9B3KQWKshHw4lnsSLNy,Vitalogy,Pearl Jam,1w5Kfo2jwwIPruYS2UWh56,1994-11-22,17.0
That's+the+Way+of+the+World,,,,,,
She's+So+Unusual,1FvdZ1oizXwF9bxogujoF0,She's So Unusual,Cyndi Lauper,2BTZIqw0ntH9MvilQ3ewNY,1983-10-14,10.0
New+Day+Rising,2eOu9QDLP2MoO04ZtII2Vm,New Day Rising,Hüsker Dü,16bN8mhtDFdegWbg0z3s10,1985-01-01,15.0
Destroyer,59plsPcJYFlSA5ImekNQJ0,Destroyer,KISS,07XSN3sPlIlB2L2XNcTwJw,1976-03-15,10.0
Tres+hombres,0Em8m9kRctyH9S3MTXAHvY,Tres Hombres (Expanded 2006 Remaster),ZZ Top,2AM4ilv6UzW0uMRuqKtDgN,1973-07-26,13.0
Born+Under+a+Bad+Sign,0Ez9S8Dhzr1fa6ZCkcIJiR,Born Under A Bad Sign (Mono),Albert King,5aygfDCEaX5KTZOxSCpT9o,1967-01-01,11.0
Touch,4pGwe5BW8GVtIP8ruoa1jB,Touch (Reissue - Deluxe Edition),Eurythmics,0NKDgy9j66h3DLnN8qu1bB,1983-11-14,16.0
Yankee+Hotel+Foxtrot,6PanEvuo9ZNvGT39v50xp6,Yankee Hotel Foxtrot (2022 Remaster),Wilco,2QoU3awHVdcHS8LrZEKvSM,2002,11.0
Oracular+Spectacular,6mm1Skz3JE6AXneya9Nyiv,Oracular Spectacular,MGMT,0SwO7SWeDHJijQ3XNS7xEE,2007-12-14,10.0
Give+It+Up,6ry5iI1ik4H2DvoiWhluYh,Give It Up (2008 Remaster),Bonnie Raitt,4KDyYWR7IpxZ7xrdYbKrqY,1972,10.0
Boz+Scaggs,3urpKmhg4HyYuEmODNdTdo,My Time: A Boz Scaggs Anthology (1969-1997),Boz Scaggs,46njgd2Rq9tZc4ZjeQMgbh,1997,33.0
White+Blood+Cells,6Xvc1TfpVEhDeHhmTQEtp0,White Blood Cells,The White Stripes,4F84IBURUo98rz4r61KF70,2001-07-03,16.0
The+Stone+Roses,0um9FI6BLBldL5POP4D4Cw,The Stone Roses,The Stone Roses,1lYT0A0LV5DUfxr6doRP3d,1989-05-02,12.0
Live+in+Cook+County+Jail,3mCS3cMduOlki845XA4gDZ,Live In Cook County Jail,B.B. King,5xLSa7l4IV1gsQfhAMvl0U,1971-01-01,8.0
Aquemini,5ceB3rxgXqIRpsOvVzTG28,Aquemini,Outkast,1G9G7WwrXka3Z1r7aIDjI7,1998-09-29,16.0
Its+Hard,46rjSfrOaPBPX8npn50l0A,It's Hard,The Who,67ea9eGLXYMsO2eYQRui3w,1982-09-04,16.0
The+Bridge,2fRxSC6FtiAkhEDVZr2seH,The Bridge,Billy Joel,6zFYqv1mOsgBRQbae3JJ9e,1986-07-28,9.0
Van+Halen+III,2wqTlagAdAEh89tMuToml0,Van Halen III,Van Halen,2cnMpRsOVqtPMfq7YiFE6K,1998-03-17,12.0
Built+to+Last,,,,,,
Idlewild,3L6JBfRxhzGzhhRDlTEdBz,Idlewild,Outkast,1G9G7WwrXka3Z1r7aIDjI7,2006-08-22,25.0
Countryman,77pIdRuNu9xRYk6BB6l9nI,Countryman,Willie Nelson,5W5bDNCqJ1jbCgTxDD0Cb3,2005-01-01,12.0
Around+the+Sun,5CI03g8QNehnEWXAhRtw0s,Around The Sun,R.E.M.,4KWTAlx2RvbpseOGMEmROg,2004-01-01,13.0
St.+Anger,4ljK2LVKvEPd5xPgUJn0Bs,St. Anger,Metallica,2ye2Wgw4gimLv2eAKyk1NB,2003-06-05,11.0
Cut+the+Crap,3E01XjnmC1HdxTE8dPuEkn,Cut The Crap,The Clash,3RGLhK1IP9jnYFH4BRFJBS,1985-11-04,12.0
Calling+All+Stations,2sJEOd3e3IFy5kmPPUdHge,Calling All Stations (2007 Remaster),Genesis,3CkvROUTQ6nRi9yQOcsB50,1997-09-01,11.0
The+Kinks+Present+a+Soap+Opera,,,,,,
Changes,4DOh46p7iy1jebsWBa9OOv,Changes,The Monkees,320EPCSEezHt1rtbfwH6Ck,1970-06-01,15.0
Chaos+and+Disorder,6mFvuRlPtmwXLhh2qdzTI7,Chaos and Disorder,Prince,5a2EaR3hamoenG9rDuVn8j,1996-07-09,11.0
Time,2efkPPuJQ7JrTloWk4lhiV,Time,Fleetwood Mac,08GQAI4eElDnROBrJRGE0X,1995-10-10,13.0
Music+From+The+Elder,1J7sLrUoYUrsjhunsgzZpL,"Music From ""The Elder"" (Remastered)",KISS,07XSN3sPlIlB2L2XNcTwJw,1981-11-16,11.0
Psychoderelict,0q3FViNIlVmYObIGAXbNhK,Psychoderelict,Pete Townshend,24Wa5wIZIo1sPkzVGP0B5p,1993-06-15,21.0
Nine+Lives,1WEfOTItaPIa0dVxxLJqlI,Nine Lives,Aerosmith,7Ey4PD4MYsKc5I2dolUwbH,1997-03-18,13.0
Smooth+Noodle+Maps,,,,,,
Liz+Phair,0rbgxvTKe3Y4VRar4sIYzT,Liz Phair,Liz Phair,2LXeJdQVcFkhkWydphLI74,2003-01-01,14.0
Raditude,6J2BJd3FQDDlh2ZjL6QIpF,Raditude (Deluxe),Weezer,3jOstUTkEu2JkjvRdBA5Gu,2009-11-03,14.0
Give+My+Regards+to+Broad+Street,2AtvtW3U8dv9C61S88M2w8,Give My Regards To Broad Street,Paul McCartney,4STHEaNw4mPZ2tzheohgXB,1984-10-22,15.0
Dog+Eat+Dog,,,,,,
Brothers+of+the+Road,,,,,,
Crown+Royal,1s8DfGDgydp7XFCkSiMYZb,Crown Royal,Run–D.M.C.,3CQIn7N5CuRDP8wEI7FiDA,2001-04-03,12.0
American+Life,6makHXbA3KBYNlYEPXyFJW,American Life,Madonna,6tbjWDEIzxoDsBA1FuhfPW,2003-04-22,11.0
Fork+in+the+Road,,,,,,
Rebirth,2v3xdUz73rd6Nness5SSIh,Rebirth,Lil Wayne,55Aa2cqylxrFIXC767Z865,2009-01-01,12.0
The+Doctor,5qHuYmZKJF6kYZjif7ECWz,The Doctor,Cheap Trick,1LB8qB5BPb3MHQrfkvifXU,1986-11,10.0
Full+Circle,26Fac6kNgB6MLeoGVkmpKN,Full Circle,The Doors,22WZ7M8sxp5THdruNY3gXt,1972-07-17,9.0
Speeding+Time,6lKblzPniPSFL5LetqvyhZ,Speeding Time,Carole King,319yZVtYM9MBGqmSQnMyY6,1983,10.0
The+Cosmos+Rocks,,,,,,
Gone+Troppo,3pgglWjc7ni5ROElAC95Nx,Gone Troppo,George Harrison,7FIoB5PHdrMZVC3q2HE5MS,1982-11-05,11.0
Mistrial,18X1MIMcwyDPIjrwn00p7e,Mistrial,Lou Reed,42TFhl7WlMRXiNqzSrnzPL,1986-06-26,10.0
Never+Let+Me+Down,3BLIfiiKINZt4MJ1uDK2wa,Never Let Me Down (2018 Remaster),David Bowie,0oSGxfWSnnOXhD2fKuz2Gy,1987-04-20,10.0
Chestnut+Street+Incident,,,,,,
2300+Jackson+St.,0clTTgbdxyaK9U07ZF28Rm,2300 Jackson Street,The Jacksons,2yrbLiuBmc9j81lTX3XUuI,1989-05-28,11.0
Right+By+You,1Y1RORWFYC7HYte6lb1lxO,Right By You,Stephen Stills,4WlSvDKaq1PA2Nr7cCIPxX,1984,10.0
Leather+Jackets,2B7lOrhmRawYzInu75QOgx,Leather Jackets,Elton John,3PhoLpVuITZKcymswpck5b,1986-10-15,11.0
"Latest+Record+Project,+Volume+1",,,,,,
Summer+in+Paradise,,,,,,
Mardi+Gras,4HirIvj3y4Ok3o2MCZtdfB,Mardi Gras,Creedence Clearwater Revival,3IYUhFvPQItj6xySrBmZkd,1972-04-11,10.0
American+Dream,0o3kj09k9lKCisAfkfUSN2,American Dream,"Crosby, Stills, Nash & Young",1CYsQCypByMVgnv17qsSbQ,1988-11-11,14.0
Fun+in+Acapulco:+Original+Soundtrack,,,,,,
Unfinished+Music+No.+1:+Two+Virgins,,,,,,
Forbidden,,,,,,
Down+in+the+Groove,1jqNoER2ibSB8I0DMm54Ac,Down In The Groove,Bob Dylan,74ASZWbe4lXaubB36ztrGX,1988-05-31,10.0
Metal+Magic,,,,,,
Union,447aJIB9W5eJbQCRc00oEy,Union,Yes,7AC976RDJzL2asmZuz7qil,1991-04-26,14.0
Squeeze,1OtiNKc6jbz5Ycz1BoCBDb,Squeeze,The Velvet Underground,1nJvji2KIlWSseXRSlNYsC,1973,11.0
Ye,2Ek1q2haOnxVqhvVKqMvJe,ye,Kanye West,5K4W6rqBFWDnAN6FQUkS6x,2018-06-01,7.0
